2004,12,508,108,0,0,0,0,WHEN MAKING RIGHT OR LEFT TURNS THE VEHICLE'S ENGINE HESITATED.  THE CONSUMER WAS CONCERNED THAT THE FAILURE WOULD RESULT IN AN ACCIDENT. *AK   *NM,N
2003,16,583,105,0,0,0,0,THE AIR BAGS ARE DEPLOYING.  SO FAR NO INJURIES.  THE AIR BAGS HAVE DEPLOYED ON TWO SERVICE TECHS. AND ONE TOW TRUCK DRIVER.  DEPLOYMENT IS DO TO A DEFECT. *AK,R
2006,13,799,105,0,0,0,0,THE LIGHT HAS COME ON AND THEN IT WILL GO OFF AND COME BACK ON. IT NEED TO BE FIXED. I CAN SMELL LIKE IT IS BURNT. MY CAR BE IN MOTION AND I SMELL IT EVEN AFTER I STOP. THE LIGHT STAY ON ALL THE TIME NOW. I'M AFRAID EVERY TIME I GET IN THE CAR TO DRIVE IT BUT I GOT TO TAKE MY GRANDCHILDREN TO SCHOOL. DO YOU FIX IT OR DO I HAVE TO FIX IT. PLEASE HELP !!,N
2003,13,416,105,0,0,0,0,WHILE DRIVING 30 MPH OVER AN BUMP IN THE ROAD  PASSENGER'S SIDE  AIR BAG DEPLOYED INADVERTENTLY. NO INJURIES REPORTED. *AK,R
2006,13,456,105,0,0,0,0,TAKATA RECALL. THE PASSENGER SEAT'S AIRBAG/WEIGHT SENSOR ON OUR 2006 325I HAS GONE OUT REPEATEDLY (WE'RE ON THE 4TH OR 5TH REPLACEMENT.) IT HAPPENS WHEN THE CAR IS IN MOTION AND THEN THE SENSOR LIGHT COMES ON TO ALERT US THAT SOMETHING IS WRONG AND STAYS ON UNTIL IT'S REPLACED. HOWEVER IT USUALLY GOES OUT AGAIN WITHIN 18 MONTHS OR SO. I AM USUALLY SITTING IN THE SEAT WHEN THIS HAPPENS WHICH IS VERY UNSAFE. I CAN'T REMEMBER THE EXACT DATE OF THE FIRST MALFUNCTION BUT WE HADN'T OWNED THE CAR VERY LONG; IT WAS STILL UNDER WARRANTY. WE HAVE THE SPORTS SEATS WHICH FROM MY READING SEEM TO BE PART OF THE PROBLEM. I WOULD LIKE TO MAKE SURE THAT OUR CAR WAS NOT OVERLOOKED IN THE RECALLS. IT NEVER STAYS FIXED FOR LONG AND I DON'T WANT TO FIND OUT THAT IT SHOULD HAVE BEEN RECALLED WHEN I'M LYING IN A HOSPITAL BED OR WORSE. SEEMS LIKE MORE THAN A COINCIDENCE...,R
2005,13,524,105,0,0,0,0,TL* TAKATA RECALL. THE CONTACT OWNS A 2005 BMW 325XI. THE CONTACT RECEIVED A RECALL NOTIFICATION OF NHTSA CAMPAIGN NUMBER: 15V318000 (AIR BAGS); HOWEVER THE PART TO DO THE REPAIR WAS UNAVAILABLE. THE CONTACT STATED THAT THE MANUFACTURER EXCEEDED A REASONABLE AMOUNT OF TIME FOR THE RECALL REPAIR. THE MANUFACTURER WAS NOT MADE AWARE OF THE ISSUE. THE CONTACT HAD NOT EXPERIENCED A FAILURE. VIN TOOL CONFIRMS PARTS NOT AVAILABLE.,N
2004,13,524,105,0,0,0,0,TL* THE CONTACT OWNS A 2004 BMW 325XI. THE CONTACT RECEIVED NOTIFICATION OF NHTSA CAMPAIGN NUMBER: 15V313000 (AIR BAGS); HOWEVER THE PART TO DO THE RECALL REPAIR WAS UNAVAILABLE. THE CONTACT STATED THAT THE MANUFACTURER EXCEEDED A REASONABLE AMOUNT OF TIME FOR THE RECALL REPAIR. THE MANUFACTURER WAS AWARE OF THE ISSUE. THE CONTACT HAD NOT EXPERIENCED A FAILURE. VIN TOOL CONFIRMS PARTS NOT AVAILABLE. ,N
2005,13,720,105,0,0,0,0,TL* THE CONTACT OWNS A 2005 BMW 330CI. THE CONTACT RECEIVED NOTIFICATION OF NHTSA CAMPAIGN NUMBER: 15V318000 (AIR BAGS) HOWEVER THE PARTS TO DO THE REPAIRS WERE UNAVAILABLE. THE CONTACT STATED THAT THE MANUFACTURER HAD EXCEEDED A REASONABLE AMOUNT OF TIME FOR THE RECALL REPAIR. THE MANUFACTURER WAS MADE AWARE OF THIS FAILURE. THE CONTACT HAD NOT EXPERIENCED A FAILURE. ,N
2002,13,720,105,0,0,0,0,TL* TAKATA RECALL. THE CONTACT OWNS A 2002 BMW 330CI. THE CONTACT RECEIVED NOTIFICATION OF NHTSA CAMPAIGN NUMBER: 15V318000 (AIR BAGS); HOWEVER THE PART TO DO THE RECALL REPAIR WAS UNAVAILABLE. THE CONTACT STATED THAT THE MANUFACTURER EXCEEDED A REASONABLE AMOUNT OF TIME FOR THE RECALL REPAIR. THE MANUFACTURER WAS MADE AWARE OF THE ISSUE. THE CONTACT HAD NOT EXPERIENCED A FAILURE. VIN TOOL CONFIRMS PARTS NOT AVAILABLE.,N
2004,13,595,105,0,0,0,0,TL* THE CONTACT OWNS A 2004 BMW 330I. THE CONTACT RECEIVED NOTIFICATION OF NHTSA CAMPAIGN NUMBER: 14V428000 (AIR BAGS); HOWEVER THE PART TO DO THE REPAIR WAS UNAVAILABLE. THE CONTACT STATED THAT THE MANUFACTURER EXCEEDED A REASONABLE AMOUNT OF TIME FOR THE RECALL REPAIR. THE MANUFACTURER WAS MADE AWARE OF THE ISSUE. THE CONTACT HAD NOT EXPERIENCED A FAILURE.,N
2003,13,595,105,0,0,0,0,"TAKATA RECALL - IT'S BEEN OVER 6 MONTHS SINCE THE TAKATA RECALL WAS EXPANDED TO THE DRIVER'S SIDE ON MY CAR & THERE'S STILL NO ESTIMATE OF WHEN THE REPLACEMENT PART WILL BE AVAILABLE. I BELIEVE IT'S OVER A YEAR & A HALF SINCE THE PASSENGER AIRBAG RECALL BEGAN. THE COMPANY REFUSES TO SIMPLY DISCONNECT THE POTENTIALLY DEADLY AIRBAG. NOTE AUTOS HAVE NOT HAD AIRBAGS MUCH LONGER THAN THEY HAVE HAD THEM - AND MINE IS POTENTIALLY DEADLY. I HAVE ASKED FOR A LOANER CAR""  BUT HAVE NOT YET HEARD THEIR RESPONSE. TO ME NO ACTION WITHOUT A TIMELINE TO FIX THIS POTENTIALLY DEADLY PROBLEM IS RIDICULOUS AND COMPLETELY UNACCEPTABLE. I WOULD GREATLY APPRECIATE YOUR HELP. THANK YOU FARREL WEIL.""",N
2005,13,297,105,0,0,0,0,WHILE DRIVING WITH A PASSENGER THE PASSENGER WARNING SENSOR ILLUMINATED.  AN INDEPENDENT MECHANIC VERIFIED THAT THE SENSOR IS BAD.  I CALLED BMW NORTH AMERICA CONCERNING THE VOLUNTARY RECALL CAMPAIGN #08V384000 BUT THEY SAID MY SPECIFIC VIN WAS NOT INCLUDED IN THIS RECALL THAT COVERED MY MODEL MANUFACTURE DATE AND THIS SPECIFIC ISSUE.  THE CAR HAS NOT BEEN FIXED. FAILURE MILEAGE WAS AT 94400 MILES.,R
2006,13,1714,105,0,0,0,0,FRONT PASSENGER AIR BAG LIGHT WARMING ON I-DRIVE AND AIR BAD LIGHT LIT ON DASH. PASSENGER RESTRAINT FAILURE. FAULT IN PASSENGER RESTRAINT SYSTEM AFFECTING AIR BAGBELT TENSIONER OR BELT-FORCE LIMITER.FASTEN AND CONTINUE TO WEAR BELTS. ON 24-7. FROM THE MOMENT YOU START THE CAR TILL THE MOMENT YOU SHUT IT OFF.,R
2010,30,2683,105,0,0,0,0,TL* THE CONTACT OWNS A 2010 AUDI A5. THE CONTACT STATED THAT THE OIL WARNING INDICATOR ILLUMINATED. THE VEHICLE WAS TAKEN TO THE DEALER WHERE IT WAS DIAGNOSED THAT THERE WAS A MALFUNCTION WITH THE AIR BAGS AND THE PISTONS WHICH NEEDED TO BE REPLACED. THE VEHICLE WAS REPAIRED. THE MANUFACTURER WAS NOT NOTIFIED OF THE FAILURE. THE FAILURE MILEAGE WAS APPROXIMATELY 67000.,N
2003,30,279,105,1,0,1,0,WHILE DRIVING 30 MPH CONSUMER'S VEHICLE WAS INVOLVED IN A HEAD ON COLLISION. UPON IMPACT  DUAL AIR BAGS DID NOT DEPLOY. DRIVER SUSTAINED BACK AND SHOULDER PAIN. *AK,R
2006,12,441,105,0,0,0,0,"THERE IS A SENSOR THAT IS CONNECTED TO MY AIRBAG IN MY CAR THAT HAS GONE OUT 4 TIMES AND COUNTING. THIS SENSOR"" MAKES THE AIRBAG USELESS. WITHIN A YEAR TO 16 MONTHS OF FIXING THE PROBLEM IT HAS REOCCURED EACH TIME. VOLKSWAGEN REFUSES TO PAY FOR THE PARTS OR WARRANTY THEM PAST A YEAR. THE PART IS CLEARLY FAULTY AND ENDANGERS PEOPLES LIVES. THIS IS NOT A PART THAT SHOULD BE SUBJECT TO WEAR AND TEAR REPLACEMENT ON A YEARLY BASIS. ESPECIALLY WITH A PRICETAG OF AROUND $650 PER FIX. WITH THE NUMBER OF COMPLAINTS ABOUT THE SAME PROBLEM ONLINE THIS SHOULD CLEARLY BE A RECALL. I DON'T UNDERSTAND HOW IT ISN'T.""",N
2009,16,2175,105,0,0,0,0,THE VEHICLE HAD PARKED UNDER THE SUN WITHOUT ANYONE INSIDE IT.  THE DRIVER SIDE HEADREST AIRBAG WAS ACTIVATED.  WE WENT TO THE DEALER (GARAGE ISLA VERDE) FOR WARRANTY WE WERE INFORMED THAT THIS IS NOT COVERED BY THE WARRANTY BESIDES BEING THE FIRST CASE OF ITS KIND ACCORDING TO THEM.  A WEEK LATER THE SAME THING HAPPENED TO THE HEADREST AIRBAG ON THE PASSENGER SIDE.  AGAIN WE WERE INFORMED THAT THE GUARANTEE DID NOT COVER THAT ISSUE.,R
2008,16,2596,105,0,0,0,0,TL* TAKATA RECALL. THE CONTACT OWNS A 2008 MERCEDES-BENZ C350. THE CONTACT STATED THAT THERE WAS A PROGRESSIVE FAILURE IN WHICH THE SRS AIR BAG WARNING LIGHT REMAINED ILLUMINATED FOR AN EXTENDED PERIOD OF TIME. THE CONTACT RECEIVED NOTIFICATION OF NHTSA CAMPAIGN NUMBER: 15V711000 (AIR BAGS). THE DEALER WAS UNABLE TO DETERMINE WHEN THE PART WOULD BECOME AVAILABLE. THE MANUFACTURER WAS UNABLE TO PROVIDE A REASONABLE TIME FRAME TO SUPPLY THE PART TO THE DEALER. THE FAILURE MILEAGE WAS NOT AVAILABLE. VIN TOOL CONFIRMS PARTS NOT AVAILABLE.,N
2003,16,602,105,1,0,0,0,TL* THE CONTACT OWNS A 2003 MERCEDES-BENZ CLK320. WHILE DRIVING 30 MPH THE CONTACT REAR ENDED ANOTHER VEHICLE. THE AIR BAGS DID NOT DEPLOY. THE VEHICLE WAS NOT DIAGNOSED OR REPAIRED. THERE WERE NO INJURIES AND A POLICE REPORT WAS NOT FILED. THE MANUFACTURER WAS NOT MADE AWARE OF THE ISSUE. THE VIN WAS UNKNOWN. THE FAILURE MILEAGE WAS 133000. ,R
2002,12,557,105,0,0,0,0,DRIVING ON HIGHWAY AND HIT SMALL BUMP IN ROAD SUCH THAT YOU WOULD HIT MANY TIMES A DAY WHILE DRIVING AND PASSENGER SIDE AIRBAGS AND WINDOW CURTAINS DEPLOYED. VW SERVICE FOUND CRASH DATA IN COMPUTER EVENTHOUGH THERE WAS ABSOLUTELY NO VISUAL DAMAGE TO CAR. VW CUSTOMER SERVICE REFUSED TO PAY FOR REPAIR AND SUGGESTED I CONTACT MY INSURANCE COMPANY.*AK,R
2002,12,557,105,0,0,0,0,WHILE DRIVING  VEHICLE AT A MODERATE SPEED THE AIR BAG ON PASSENGER'S SIDE  DEPLOYED INADVERTENTLY.  THE CONSUMER TOOK VEHICLE BACK TO THE DEALER AND WAS TOLD BY THE SERVICE TECHNICIAN THAT THE VEHICLE WAS IN AN ACCIDENT.  THE CONSUMER CLAIMED THIS WAS  ABSURD SINCE THIS VEHICLE MADE NO CONTACT WITH ANY OTHER VEHICLE OR OBJECT.   *AK   THE AIR BAG DEPLOYED 1 MINUTE LATER.   *SC ,R
2000,12,226,105,0,0,0,0,WHILE DRIVING CONSUMER  NOTICED SMOKE COMING FROM THE DRIVER SIDE SEAT. CONSUMER WAS ABLE TO DRIVE VEHICLE TO THE DEALER FOR INSPECTION AND MECHANIC DETERMINED THAT THE PASSENGER'S SIDE AIR BAG DEPLOYED INADVERTENTLY.  *AK,R
2003,12,240,105,0,0,0,0,2003 VOLKSWAGEN PASSAT STATION WAGON VIN NO. [XXX];   HILE DRIVING IN GREENSBORO NC NEAR THE INTERSECTION OF ELM MCGEE AND GORRELL STREETS I MISJUDGED A CURVE AND SCRAPED THE RIGHT SIDE WHEELS AGAINST A CURB.  BOTH TIRES SUSTAINED SIDEWALL DAMAGE.  THERE WAS NO CONTACT WITH THE BODY OR UNDERCARRAIGE OF THE CAR.  THE TWO RIGHT SIDE WHEELS SUSTAINED MINOR COSMETIC DAMAGE ONLY AND THE IMPACT WAS INSUFFICIENT TO AFFECT THE ALIGNMENT OF THE AUTOMOBILE.  THE AUTOMOBILE CONTINUED FORWARD THROUGH THE CURVE AND THERE WAS NO  LOSS OF CONTROL FROM THE IMPACT. HOWEVER UPON CONTACT WITH THE CURB THE RIGHT SIDE CURTAIN AND SIDE IMPACT AIRBAGS FIRED UNNECESSARILY. BUT FOR THE FIRING OF THE AIRBAGS THIS WOULD HAVE BEEN A MINOR EVENT WITH ONLY TIRE DAMAGE TO BE REPAIRED.  FORTUNATELY THE PASSENGER SEAT WAS UNOCCUPIED OR THE OCCUPANT COULD HAVE BEEN INJURED. I HAVE PHOTOGRAPHS OF THE TIRES AND WHEELS. I BELIEVE THE AUTMOBILE CONTAINS A SIGNIFICANT DEFECT CAUSING THE SIDE AIRBAG SYSTEM TO DEPLOY WHEN NOT NEEDED FOR OCCUPANT PROTECTION (IE - IN THE ABSENCE OF ANY CONTACT WITH THE STRUCTURE OF THE CAR) AND IN CIRCUMSTANCES PART OF ORDINARY DRIVING - THE IMPACT WITH THE CURB WAS LESS THAN THAT EXPERIENCED WITH SOME POTHOLES. THUS FAR VW HAS REFUSED TO TAKE ANY RESPONSIBILITY FOR CORRECTION OF THIS DEFECT.*AK THE AUTOMOBILE HAS NOT YET BEEN REPAIED AND PRESUMABLY EVENT DATA IS STILL STORED IN THE CONTROL MODULE. UPDATED 07/24/2012 *JS    INFORMATION REDACTED PURSUANT TO THE FREEDOM OF INFORMATION ACT (FOIA) 5 U.S.C. 552(B)(6)    ,N
2013,12,240,105,0,0,0,0,TL* THE CONTACT OWNS A 2013 VOLKSWAGEN PASSAT. THE CONTACT STATED THAT THE AIR BAG WARNING INDICATOR ILLUMINATED. THE VEHICLE WAS TAKEN TO THE DEALER WHERE IT WAS DIAGNOSED THAT THE CLOCK SPRING MALFUNCTIONED AND NEEDED TO BE REPLACED. THE VEHICLE WAS NOT REPAIRED. THE CONTACT REFERENCED NHTSA CAMPAIGN NUMBER: 15V483000 (AIR BAGS) BUT THE VIN WAS EXCLUDED. THE MANUFACTURER WAS NOTIFIED OF THE FAILURE. THE FAILURE MILEAGE WAS UNKNOWN.,N
2003,16,590,105,0,0,0,0,THE AIR BAGS ARE DEPLOYING.  SO FAR NO INJURIES.  THE AIR BAGS HAVE DEPLOYED ON TWO SERVICE TECHS. AND ONE TOW TRUCK DRIVER.  DEPLOYMENT IS DO TO A DEFECT. THE CAR IS AN SLK 320.  *AK,R
2008,13,704,105,0,0,0,0,VEHICLE WAS STATIONARY.  I WAS CHANGING A FUSE AND WAS LEANING OVER FROM THE DRIVER SEAT ON TO THE PASSENGER SEAT.  AFTER CHANGING THE FUSE I STARTED THE CAR AND THE AIRBAG LIGHT ILLUMINATED.  UPON DRIVING THE CAR LATER WITH MY WIFE I NOTICED THAT THE PASSENGER AIRBAG OFF LIGHT WAS ILLUMINATED AS WELL.  I THEN HAD THE CODE DIAGNOSED AND IT INDICATED A MALFUNCTIONING PASSENGER SEAT SENSOR.  I HAVE SPORT COMFORT SEATS IN MY CAR.,R
2004,13,297,114,0,0,0,0,CAR HAD SHUT DOWN ON HIGHWAY.*AK,N
2009,16,2175,114,0,0,0,0,I HAD TO STOP ON I95 HIGHWAY FOR AN EMERGENCY AND THE CAR WON'T START AGAIN. I WAITED FOR 20 MINS AND THE CAR STARTED. NEXT DAY MY WIFE TOOK THE CAR TO OFFICE AND THE CAR HAD SAME ISSUE AND WAS UNABLE TO START. ALL ELECTRICAL WERE WORKING BUT THE ENGINE WAS NOT MAKING ANY NOISE FOR CAR STARTUP AND HAD TO TOW IT TO MECHANIC. BOTH THE TIMES CAR WAS STATIONARY BUT FIRST TIME IT WAS ON HIGHWAY DUE TO AN EMERGENCY AND IT WAS QUITE SCARY.  THE MECHANIC SAID THE C300 HAVE COMMON EIS FAILURE WHICH NEED TO BE REPLACED.,N
2000,16,602,114,0,0,0,0,BACKING OUT OF THE DRIVEWAY AND INTO TRAFFIC THE CAR COMPLETELY SHUT DOWN IN THE MIDDLE OF TRAFFIC.  BOTH LANES CAME TO A SCREECHING HALT.  THE CAR WOULD NOT RESTART OR ALLOW ME TO PUT IT IN NEUTRAL TO PUSH IT TO THE SIDE.  THIS HAPPENED ON SEVERAL OTHER OCCASIONS WHERE THE CAR COMPLETELY DIES AS YOU ARE DRIVING AND YOU HAVE TO TRY AND GET THE CAR OVER TO THE SIDE OF THE ROAD.  IT HAS ALSO HAPPENED AS I AM PULLING OUT INTO TRAFFIC WHICH IS A VERY SCARY SITUATION. THE MERCEDES DEALER IS UNABLE TO DUPLICATE THE FAILURE IN THEIR SHOP AND THERE ARE NO FAULT CODES ASSOCIATED WITH THE PROBLEM.  THE BATTERY WAS REPLACED AND THIS HAS NOT CORRECTED THE PROBLEM EITHER.  I AM VERY FRUSTRATED AND AT A LOSS WITH THIS SITUATION.  *JB,N
2004,16,E500,114,0,0,0,0,ELECTRONIC INTERFERENCE FROM AIRCRAFT CAUSED LIGHTS TO COME ON WHEN PARKED AT AIRPORT AND DRAINED BATTERY. CAR PARKED MORNING OF 9/4/04. SINGLE INCIDENT OF CAR ALARM REPORTED EVENING OF 9/6/04. RETURNED TO CAR 9/11/04 AND FOUND LIGHTS IN OFF POSITION AND BATTERY DRAINED. *AK,N
2016,12,557,114,0,0,0,0,- VEHICLE IS GETTING 19MPG (MOSTLY HIGHWAY).  MPG ON CAR IS WELL BELOW PUBLISHED RANGE OF 22-31.  VW TELL ME THAT I WILL ONLY GET THE PUBLISHED MPG AFTER 9000 MILES!!  - CARPLAY SYSTEM IS NOT CONNECTING TO *ANY* APPLE IPHONE.  - INFOTAINMENT SYSTEM IS SOM,N
2000,12,226,114,0,0,0,0,WHILE DRIVING THE CHECK ENGINE LIGHT FLASHED AND THEN STAYED ON FOLLOWED BY THE VEHICLE SPUTTERING. THEN IT STOPPED ACCELERATING. THE DEALERSHIP PERFORMED A DIAGNOSTIC TEST IN WHICH THE FAILURE WA A FAILED IGNITION COIL.  THE IGNITION COIL HAS BEEN REPLACED TWICE BUT THE FAILURE HAS RECURRED. THIS FAILURE OCCURS EVERY 20000 MILES. THE DEALERSHIP CANNOT INDICATE WHAT WAS CAUSING THE FAILURE.  *JB,N
2004,12,226,114,0,0,0,0,THE HIGH VOLTAGE FUSE BOX THAT SITS ON TOP OF THE BATTERY MELTED DUE TO HEAT AND POOR DESIGN. THIS CAUSED A SHORT AND COMPLETE LOSS OF POWER TO MY VEHICLE. THIS WAS BOTH DANGEROUS AND FRIGHTENING! I WAS ON THE FREEWAY GOING 60MPH AND COULD HAVE EASILY LOST CONTROL OF THE VEHICLE CAUSING AN INJURY OR FATAL ACCIDENT. I FOUND 44 SIMILAR COMPLAINTS REGARDING THIS SAME ISSUE AND AM SURPRISED THAT THIS PUBLIC AGENCY HAS FAILED TO TAKE ANY ACTION ON THIS AND DEMANDING A RECALL AND THUS RESOLVING A DANGEROUSLY REOCCURRING ELECTRICAL ISSUE.,R
2016,12,226,114,0,0,0,0,THIS IS THE BASE MODEL S AUTOMATIC TRANSMISSION 1.4 TSI. THIS VEHICLE DOESN'T HAVE A GAUGE FOR MEASURING THE TEMPERATURE. UNABLE TO MAKE A DECISION PROMPTLY IF THE CAR STARTS TO HEAT IS A SAFETY PROBLEM. THE CAR APPARENTLY HAS A MECHANISM TO LOWER THE RPMS IF THE CAR STARTS HEATING AND HAS A LIGHT INDICATING THAT SOMETHING IS WRONG WITH THE COOLING SYSTEM BUT IT IS UNACCEPTABLE THAT IN 2016 YOU CAN'T SEE THE ENGINE TEMERATURE. I DIDN'T NOTICE THIS WHILE TESTING THE CAR BEFORE DOING THE PURCHASE AND THOUGHT IT WAS A MATTER OF CONFIGURATION BUT CONFIRMED THIS WITH THE MANUAL. THIS CAR HAS 85 MILES AND WHEN RUNNING THROUGH A SLOPE IN RURAL AREA IF IT DECIDES TO DOWN SHIFT THERES A BUMP OR A KNOCK IN THE TRANSMUTATION AS IF YOU WERE ABUSING THE CAR AND THE MOTOR OR TRANSMISSION MOUNTS CAN'T HOLD ITS FORCE. IT REALLY FEELS AWFUL WHEN THIS HAPPENS. THIS SHOULD HAPPEN SMOOTHLY BUT IT DOESN'T. I UNDERSTAND THAT IT WILL MAKE ITS OWN DECISION OF WHAT IS THE BEST GEAR IN ORDER TO PROVIDE ENOUGH TORQUE TO MANAGE THE SLOPE BUT THIS IS NOT NORMAL. THIS COULD BE A SING OF FUTURE FAILURE AND OF COURSE AN ACCIDENT CAN OCCUR. WOULD LIKE THIS TWO POINTS TO BE INVESTIGATED BY NHTSA.,N
2010,12,226,114,0,0,0,0,MY CAR RADIO SUDDENLY JUST STOPPED. IT WAS PLAYING ONE MINUTE AND THE NEXT IT WAS OFF AND WOULD NOT PLAY ANY MORE. I THOUGHT IT WAS A FUSE ISSUE. IT WAS NOT LAST WINTER (DEC. 2014) I HAD TO HAVE THE BATTERY REPLACED. DURING THE WHOLE PROCESS OF BEING JUMPED ETC THE CAR RADIO WOULD WORK INTERMITTENTLY. SO I THOUGHT ONCE I HAD THE NEW BATTERY IT WOULD WORK-IT DIDNT. WENT TO THE DEALER TO HAVE IT CHECKED OUT (OFFICIALLY JUST FOR THE RADIO OVER THE SUMMER) DEALER SAID I WOULD NEED A NEW RADIO. SO I HAVE BEEN WITHOUT FOR OVER A YEAR. TODAY IT WAS BITTER COLD IN MI AND MY BATTERY NEEDED A JUMP AGAIN DURING THIS PROCESS THE RADIO AGAIN CAME ON FOR A FEW MINUTES. ONCE THE CAR WAS FULLY CHARGED AND ROLLING THE RADIO COMPLETELY DIED AGAIN. THIS CAR IS ONLY 5 YEARS OLD UNDER 90000 MILES-IT SHOULD NOT HAVE A RADIO ISSUE. AS A RESULT THE HANDS FREE PHONE SYSTEM DOESN'T WORK EITHER.,N
2006,12,226,114,0,0,0,0,MY VEHICLE HAS HAD PREVIOUS ELECTRICAL ISSUES AS THEY PERTAIN TO THE DRIVER SIDE DOOR AND WINDOW AND ITS CONNECTION TO ITS POWER DRAW AND BATTERY. IN 2014 THERE WAS AN EXTENDED WARRANTY PLACED ON MY PARTICULAR VEHICLE FOR REPLACEMENT AND REPAIR OF THE WINDOW/DOOR MOTOR MECHANICS AND WIRING HARNESS. I AM NOW EXPERIENCING RECURRING ISSUES AND MY BRAND NEW BATTERY'S CHARGE WILL NOT HOLD - OFTEN BEYOND 24 HOURS AS A FAILURE IS CAUSING A POWER DRAW TO DRAIN THE CAR'S BATTERY.,N
2003,12,405,114,0,0,0,0,"WHILE DRIVING AT NIGHT THE EPC LIGHT CAME ON.  I WANTED TO PULL OVER SINCE THE CAR IS FAIRLY NEW AND HAD NEVER SEEN THAT LIGHT ON WHILE DRIVING.   I PULLED THE CAR OFF THE ROAD TO CHECK THE MANUAL AND SEE WHAT THE LIGHT MEANT.  THE CAR WAS IN PARK.  I COULD NOT GET THE CAR TO SHIFT OUT OF PARK.  AFTER CALLING ROAD SIDE ASSISTANCE...I HAD THE CAR TOWED TO THE DEALERSHIP.  THING IS ROAD SIDE ASSISTANCE HAD HEARD ABOUT THIS BEFORE.  THEY HAD ME DO A PROCEDURE""  TO GET THE CAR TO SHIFT OUT OF PARK AND BE ABLE TO DRIVE HOME.  ONCE HOME THE CAR GOT STUCK INTO NEUTRAL.  I THEN HAD IT TOWED.  *AK""",N
2003,12,240,114,0,0,0,0,PROBLEMS WITH ENGINE SHUT DOWN ON 2003 VOLKSWAGEN PASSAT.   *MR   THERE WAS A PROBLEM WITH THE ODOMETER READING.  THE ECP LIGHT WOULD CONSTANTLY COME ON THE ENGINE WOULD GO OUT INTERMITTENTLY AND THERE WAS ROUGH IDLING.   *SC   *JB,N
2013,12,240,114,0,0,0,0,AFTER PARKING OVERNIGHT DRIVER SIDE DOOR WOULD NOT OPEN USING EXTERIOR DOOR HANDLE.  OPENING DOOR FROM INSIDE RELEASED LATCH OPENING DOOR BUT FRAYED A CABLE.  FRAYED CABLE RESULTED IN DOOR LATCH STUCK OPEN UNABLE TO LATCH DOOR CLOSED.  VEHICLE WAS UNSAFE TO DRIVE DOOR WOULD NOT CLOSE AND LATCH PROPERLY.   THE PROBLEM IS WATER AND MOISTURE ENTERING THE LATCH AND FREEZING.  I DISASSEMBLED THE INNER DOOR PANEL  TO CLOSE LATCH AND DRIVE TO DEALER FOR REPAIR.  VW HAS AN UPDATED PART TO SOLVE THE PROBLEM.  A FAILED LATCH COULD CAUSE THE DOOR TO OPEN WHILE OPERATING A VEHICLE.,N
2010,12,2522,114,0,0,0,0,MY VEHICLE IS EXPERIENCING THE SAME PROBLEM AS OTHER VEHICLES OF THE SAME YEAR THAT RECEIVED A RECALL.  THE CAR JUST SHUTS OFF LOSES POWER AND ALL STEERING BRAKING AND SO ON.  IT MAKES THE VEHICLE VERY DANGEROUS.  THE OTHER VEHICLES IN THIS YEAR ALL HAD BAD IGNITION SWITCHES BUT VW REFUSES TO INCLUDE MY VEHICLE AND OTHERS LIKE IT OF THE SAME MODEL YEAR THAT HAVE THE EXACT SAME PROBLEM.  I BELIEVE THAT THEY NEED TO EXPAND THIS RECALL TO INCLUDE MORE VEHICLES OF THE 2010 MODEL.  THE VEHICLE IS NOT SAFE TO DRIVE AND IS SCARY WHEN IT JUST CUTS OUT ON YOU WHEN YOU ARE DRIVING 30-40 MPH PLUS.,R
2009,12,2522,114,0,0,0,0,I BOUGHT A CERTIFIED PRE-OWNED 2009 ROUTAN. AFTER ABOUT A YEAR THE CAR RANDOMLY WILL NOT START IT JUST CLICKS BUT WILL NOT START. REPLACED BATTERY. STILL - CAR WILL NOT START. THIS HAS BEEN GOING ON FOR 3 YEARS. HAD STARTER & ALTERNATOR CHECKED - BOTH GOOD.  HAD THE IGNITION RECALL DONE AND PROBLEM RESOLVED ITSELF FOR ABOUT 3 MONTHS - NOW IT STARTED DOING THIS AGAIN - RANDOMLY WILL NOT START.  HUBBY MOVED A WIRE UNDER THE HOOD AND MAGICALLY THE CAR STARTED.  GOT HOME AND VAN WILL NOT START!  AFTER SPENDING $5200 ON A NEW TRANSMISSION - I HATE TO PUT ANY MORE $$ INTO THIS VAN. HAS ANYONE FOUND A FIX FOR THIS PROBLEM - I'VE SEEN MANY HAVE THIS SAME ISSUE. TALKED TO A LADY AT VW REPAIR SHOP WHO HAS BEEN IN EXCESS OF $3000 TRYING TO FIX THIS EXACT SAME PROBLEM.  STILL KEEPS HAPPENING.  HELP!,N
2007,13,704,114,0,0,0,0,WHILE DRIVING THIS MORNING THE DRIVERS SIDE HEATED SEAT WAS IN USE SINCE IT WAS COLD OUTSIDE. I BEGAN TO SMELL THE ODER OF SOMETHING BURNING AND MY  LEFT LEG FELT EXTREMELY WARM. NOT KNOWING WHAT WAS BURNING I TURNED OFF MY HEATED SEAT AND MY PASSENGERS SEAT WHICH WAS OCCUPIED. I ALSO TURNED OFF THE VEHICLE HEATER AND DEFROSTERS. UPON ARRIVAL AT MY DESTINATION I FOUND THAT THE DRIVERS SEAT HAD TWO BURN MARKS JUST ABOVE THE ELECTRIC SEAT CONTROLS WHERE MY LEG WAS AS I WAS POSITIONED WHILE DRIVING.,R
2002,13,435,114,0,0,0,0,ONBOARD COMPUTER READOUT IS MISSING LIGHTS.  MORE AND MORE LIGHTS ARE STARTING TO FAIL.  THE SERVICE GUY HAS A SIMPLE SOLUTION BUY A NEW BOARD.... NICE A RELATIVELY NEW CAR NEEDS AN EXPENSIVE PART THAT JUST FAILED ON IT'S OWN.*AK,N
2011,13,1339,119,0,0,0,0,DURING MY CAR DRIVING ON THE HIGH WAY IN GEORGIA (DECEMBER 2015) THE CAR HAD A HYBRID SYSTEM MALFUNCTIONED. THIS CAUSED ALL OF THE WARRANTING LIGHTS TO COME ON IN THE DASH AND THE HYBRID BATTERY STOP CHARGING. ALL OF THE ELECTRICAL COMPONENTS ARE POWERED BY THE HYBRID BATTERY. WHEN THE BATTERY WAS DEPLETED ALL OF THE ELECTRONICS IN THE CAR STOP WORKING AS I WAS DRIVING TO MY MOTHERS HOUSE. THE DASH WOULD NOT SHOW MY SPEED (NOTHING SHOWED ON THE DASHBOARD) MY STEERING WHEEL WAS HARDER TO TURN AND THERE WERE NO LIGHTS AT ALL IN THE CAR. THIS IS A SAFETY CONCERN CONSIDERING I HAD MY WIFE AND 2-YEAR OLD CHILD IN THE VEHICLE AT THE TIME.  ALL OF THE ELECTRONICS IN THE CAR COMPLETELY STOP WORKING EXCEPT FOR THE HEADLIGHTS ENGINE RUNNING AND WIPER BLADES STAYED ON.  DURING THIS SITUATION THE VEHICLE WAS UNSAFE TO DRIVE BECAUSE THERE WAS NO ABS STABILITY CONTROL POWER STEERING AIR BAG OR ANY OTHER ELECTRONIC SAFETY DEVICE. I CALLED BMW OF NORTH AMERICA AND WAS TOLD THAT THERE IS NO WARRANTY FOR THE HYBRID BATTERY AFTER THE MANUFACTURER WARRANTY PERIOD (4 YEARS) AND THERE ARE NO AFTERMARKET WARRANTY PRODUCTS THAT WILL COVER THE BATTERY. THE HYBRID BATTERY IS $10000. THE BMW TECH SAID THAT THE BATTERY WAS WEEK AND SHOULD BE REPLACED. THIS SHOULD BE A RECALL ITEM (ALL OF THE MANUFACTURERS OF HYBRID VEHICLES COVER THEIR HYBRID BATTERIES FOR A PERIOD 6 - 8 YEARS). THIS ITEM NOT ONLY AFFECTS THE SAFETY OF THE VEHICLE PASSENGERS BUT ALSO THE ABILITY FOR THE VEHICLE TO BE USED LEGALLY IN THE UNITED STATES.,N
2015,30,735,119,0,0,0,0,"I BOUGHT A BRAND NEW AUDI A3 2.0T 2015 JULY 2014. RECENTLY WHILE DRIVING TO A SLUSHY SNOW THE SYSTEM CAME UP WITH MULTIPLE ERROR. ON 1/12/2016 I WAS DRIVING THROUGH THE SLUSHY SNOW AND 3 ISSUES CAME UP. STABILIZATION CONTROL TPMS ERROR AND ABS ERROR THE STABILIZATION CONTROL IS THE MAIN ISSUE. I WAS SERVING LEFT AND RIGHT WITH LIGHT TAP ON THE GAS WITH THE CAR. LUCKILY I WAS IN THE LOCAL ROAD AND NOT IN THE HIGH WAY WHEN ISSUES OCCURRED. I TOOK IT TO THE DEALERSHIP SAME DAY THE FOLLOWING DAY I WAS NOTIFIED THAT IT WAS FIXED"". I GOT INTO THE DEALERSHIP AND TURNED ON THE CAR ALL THE LIGHTS CAME BACK ON. ISSUE WAS DUE TO A ""FUSE"" SHORTING. NOW I'M WAITING FOR A ""CLUTCH PUMP"" ALL THE WAY FROM GERMANY EXPECTED 5-15 DAYS.""",N
2009,12,341,119,0,0,0,0,THE ABS PUMP AND MODULE DIED ON MY '09 VW GTI AT JUST OVER 50000 MILES. WHEN ABS OR TRACTION CONTROL IS CALLED UPON THE SYSTEMS FAIL CAUSING THE CAR TO LOSE CONTROL. IN MY CASE IT HAPPENS EVERY TIME I HIT A SNOWY OR ICY PATCH WHILE DRIVING. ALSO THE ABS ESP AND BRAKING INDICATOR ALL LIGHT UP ON THE DASHBOARD WITH THE BRAKING LIGHT FLASHING AND DINGING. ALL MAINTENANCE WAS CURRENT ON MY CAR. I WAS NOT DRIVING EXCESSIVELY WHEN THESE INCIDENTS OCCURRED. VW WANTS OVER $2100 TO FIX THE ISSUE. VOLKSWAGEN OF AMERICA DENIES THERE ARE ANY PROBLEMS WITH THE '09 GTI ABS SYSTEM DESPITE NUMEROUS REPORTS ACROSS THE INTERNET AND HAS REFUSED MY REQUEST FOR FINANCIAL ASSISTANCE TO CORRECT A PROBLEM THEY SAY MAKES THE CAR UNSAFE TO OPERATE.,N
2011,12,226,119,0,0,0,0,IM EXPERIENCING A LOT OF PROBLEMS WITH MY CAR. FIRST OF ALL THE LIGHTS DON'T ALWAYS WORK THEY WOULD TURN ON AND OFF ON THEIR OWN UNTIL FINALLY STOPPED COMPLETELY. THE NEXT PROBLEM IT HAS WAITING AT A STOP LIGHT IT LOOSES POWER AND SHAKES AND STALLS. THEN I STARTED EXPERIENCING THE SAME PROBLEM WHILE DRIVING ONE TIME I WAS PULLING INTO MY DRIVEWAY THE CAR CUT OFF AND STEERING WHEEL LOCKED THANKFUL I WAS NOT ON THE FREEWAY AT THE TIME. THEN AGAIN ON THE FREEWAY IN RUSH HOUR TRAFFIC I WAS LUCKY ENOUGH TO GET OVER AND PULL OFF BEFORE IT STALLED THE CAR PUTTING AND I WAS GIVING GAS BUT CAR DID NOT WANT TO GO IT WAS NOT GAINING SPEED IT WAS ON THE VERGE OF STALLING. THIS IS A SAFETY ISSUE ITS MY ONLY VEHICLE I'M AFRAID OF IT CUTTING OFF AND STALLING WHILE DRIVING AND A ACCIDENT OCCURRING. THE CAR STALLING IS WHILE DRIVING AND WITH FOOT ON THE BRAKE OR IN PARK. IT ALSO HAS A PROBLEM WHILE IN PARK AND FOOT ON BRAKE THE CARS RPM RAVE ON THEIR OWN.,N
2011,13,858,120,0,0,0,0,"TL* THE CONTACT OWNS A 2011 BMW 328I. AFTER STARTING THE VEHICLE THERE WAS AN ABNORMAL NOISE COMING FROM THE ENGINE COMPARTMENT OF THE VEHICLE. THE VEHICLE WAS TAKEN TO A DEALER WHERE IT WAS DIAGNOSED THAT THE COILS NEEDED TO BE REPLACED. THE VEHICLE WAS REPAIRED; HOWEVER THE FAILURE RECURRED. THE VEHICLE WAS TAKEN TO AN INDEPENDENT MECHANIC WHO INSPECTED THE VEHICLE AND STATED THAT THE VARIABLE CAMSHAFT TIMING ADJUSTMENT (VANOS) NEEDED TO BE REPLACED. THE VEHICLE WAS NOT REPAIRED BUT WAS TAKEN BACK TO THE DEALER WHERE IT WAS DIAGNOSED THAT THE VANOS AND OIL PAN GASKET NEEDED TO BE REPLACED. THE VEHICLE WAS REPAIRED. THREE WEEKS LATER WHILE DRIVING 40 MPH COOLANT LIQUID LOW ENGINE IS HOT PLEASE DRIVE SLOWLY"" AND ""DO NOT OPEN HOOD FIRE HAZARD"" WERE DISPLAYED ACROSS THE MESSAGE BOARD AND THE VEHICLE LOST POWER. THE VEHICLE WAS TOWED TO A DEALER WHERE IT WAS DIAGNOSED THAT THERE WAS OIL LEAKAGE. THE COOLANT PUMP AND OIL PAN GASKET NEEDED TO BE REPLACED. THE VEHICLE WAS NOT REPAIRED. THE MANUFACTURER WAS NOTIFIED OF THE FAILURE. THE FAILURE MILEAGE WAS 50000. """,N
2008,13,1339,120,0,0,0,0,TL* THE CONTACT OWNS A 2008 BMW 750LI. WHILE DRIVING 70 MPH THE VEHICLE STALLED. THE CONTACT WAS ABLE TO RESTART THE VEHICLE AFTER SOME TIME. THE FAILURE RECURRED ON NUMEROUS OCCASIONS. THE VEHICLE WAS TAKEN TO AN INDEPENDENT MECHANIC WHO WAS UNABLE TO DIAGNOSE OR REPAIR THE VEHICLE. THE MANUFACTURER WAS NOTIFIED OF THE FAILURE. THE FAILURE MILEAGE WAS 72000. ,N
2011,30,415,120,0,0,0,0,VEHICLE STALLED OUT AND STARTED SHAKING ONLY TO FIND OUT INJECTORS WENT OUT AND OIL CONSUMPTION ISSUES.    AUDI USA IS PROLONGING AN ISSUE THAT THEY KNOW IS WRONG WITH THE VEHICLE REGARDING OIL CONSUMPTION. I HAVE COMPLETED PHASE I OF THE TEST AND TOOK IT TO DEALERSHIP TO HAVE PHASE II COMPLETED HOWEVER WITHOUT MY CONSENT OR KNOWLEDGE AUDI HAS THE DEALERSHIP PERFORM PHASE I OVER AGAIN.  CAR IS EATING EXCESSIVE AMOUNT OF OIL BUT YET AUDI USA IS PROLONGING THE SITUATION WITH NO RESOLUTION.    PURCHASED THE CAR 08/24/2015 HAD TO HAVE AN OIL CHANGE DONE TWO WEEKS LATER BEGINNING OF SEPTEMBER BY OCTOBER 15TH I HAD TO ADD MORE OIL AS THE OIL INDICATOR LIGHT CAME ON COME TO FIND OUT THERE IS A KNOWN ISSUE FOR CONSUMING OIL. I HAVE PHASE I COMPLETED HOWEVER I TOOK VEHICLE IN TO HAVE PHASE II DONE ON IT ONLY TO BE TOLD THEY HAD TO DO PHASE I OVER WHICH ISN'T FAIR THE VEHICLE STILL EATS OIL AND VALUE IS DEPRECIATING DRASTICALLY BECAUSE OF AUDI AND VOLKSWAGEN EPA VIOLATIONS.,U
2009,30,415,120,0,0,0,0,MY CAR JUMP TIMING TODAY. I FIRST HAD AND OIL CONSUMPTION ISSUE WITH NEW PISTON AND RINGS INSTALLED. AND IN 2015 AND REAR MAIN SEAL WENT OUT. NOW IN 2016  THE MOTOR JUMP TIMING PULLING OUT OF THE GARAGE THIS MORNING. GREAT PLASTIC TIMING CHAIN TENSIONS AUDI REFUSE TO AMMIT THEY A JUNK. THANKS AUDI FOR A GREAT QUALITY CAR.,R
2010,30,2683,120,0,0,0,0,TL* THE CONTACT OWNS A 2010 AUDI A5. THE CONTACT STATED THAT THE OIL WARNING INDICATOR ILLUMINATED. THE VEHICLE WAS TAKEN TO THE DEALER WHERE IT WAS DIAGNOSED THAT THERE WAS A MALFUNCTION WITH THE AIR BAGS AND THE PISTONS WHICH NEEDED TO BE REPLACED. THE VEHICLE WAS REPAIRED. THE MANUFACTURER WAS NOT NOTIFIED OF THE FAILURE. THE FAILURE MILEAGE WAS APPROXIMATELY 67000.,N
2006,16,583,120,0,0,0,0,"MY FIRST INCIDENCE WAS DRIVING AND THE STEERING WOULD ALL OF A SUDDEN GET STIFF LIKE IT NEEDED POWER STEERING FLUID OR SOMETHING.  CHECK IT WASN'T THE FLUID (THIS HAPPENED A FEW MONTH AGO I THOUGHT HMMM PROBABLY JUST SOMETHING FREAKY)  THEN 1/8/16 RIDING DOWN THE BUSY INTERSTATE HIGHWAY THE CAR ACCELERATION JUST LEFT. I PRESSED THE ACCELERATOR TO THE FLOOR BUT NO SPEED. IT WAS EXTREMELY SCARY. I HAD THE CAR CHECKED OUT...IT'S THE CLASSIC PROBLEM I NEVER HEARD OF UNTIL TODAY. ( INTAKE MANIFOLD TUMBLE FLAP) SOME PLASTIC JUNK ON AN EXPENSIVE CAR. IF I WANTED A JUNK CAR I WOULD'VE WENT TO THE  JUNK YARD"" PAID LIKE 250. AND BE DONE WITH IT. I'M VERY DISAPPOINTED AND ANGRY. I'M GLAD MY KIDS WASN'T IN THE CAR AND IT WASN'T A HORRIFIC OUTCOME. NOW I CAN'T DO ANYTHING WITH THE CAR RIGHT NOW BECAUSE IT'S EXPENSIVE TO REPAIR FOR SUCH A CHEAP PIECE THAT SHOULDN'T HAVE NEVER BEEN ON IT AND BECAUSE #1 I'M ON A FIXED INCOME #2 I STILL HAVE TO PAY FOR IT. BUT WHAT DOES MB CARE ABOUT THAT....ITS JUST A PRODUCT TO THEM A MONEY MAKER.""",N
2013,12,2498,120,0,0,0,0,WHILE DRIVING AT ABOUT 45 MPH THE ENGINE LIGHT CAME ON WITH THE WARNING TO TAKE CAR TO THE DEALER FOR SERVICE IMMEDIATELY. I DID GO IMMEDIATELY AND WHILE THE SERVICE MANAGER COULD NOT TELL ME EXACTLY WHY I WAS CHARGED $600 TO REPLACE PISTONS. ABOUT TWO MONTHS LATER WHILE DRIVING SLOWLY IN A PARKING LOT I STARTED TO TURN ONTO THE DRIVEWAY AND THE CAR SIMPLY STOPPED WENT DARK AND THE STEERING BECAME IMPOSSIBLE. AFTER TRYING SEVERAL TIMES AND THEN SITTING FOR ABOUT 5 MINUTES THE CAR STARTED AGAIN. IT WAS A LEASED CAR THAT I INTENDED TO BUY FOR MY DAUGHTER. I TURNED THE CAR BACK IN AND DID NOT BUY IT.,N
2016,12,557,120,0,0,0,0,- VEHICLE IS GETTING 19MPG (MOSTLY HIGHWAY).  MPG ON CAR IS WELL BELOW PUBLISHED RANGE OF 22-31.  VW TELL ME THAT I WILL ONLY GET THE PUBLISHED MPG AFTER 9000 MILES!!  - CARPLAY SYSTEM IS NOT CONNECTING TO *ANY* APPLE IPHONE.  - INFOTAINMENT SYSTEM IS SOM,N
2011,12,341,120,0,0,0,0,WALKING OUT TO MY VEHICLE IN SUB-FREEZING WEATHER TO RETURN HOME I ATTEMPTED TO START THE VEHICLE AND WHEN THE ENGINE CAUGHT IT MADE A LOUD RATTLE AND DIED QUICKLY.  THIS SAME SITUATION OCCURRED ON SUBSEQUENT IGNITION CYCLES ALL WITH THE SAME RESULT.  VW HAS RELEASED A SERVICE BULLETIN PERTAINING TO THIS COMMON ISSUE WHICH IS TO CHECK THE TIMING CHAIN TENSIONER.  WHEN THIS TENSIONER FAILS IT CAN RENDER THE ENGINE USELESS.  I HAVE REMOVED THE TIMING CHAIN COVER AND THE TENSIONER HAS FAILED AND DOES NOT HOLD TENSION TO THE CHAIN.   VW SHOULD TAKE RESPONSIBILITY TO FIX THIS ISSUE IN CUSTOMER VEHICLES AS IT IS A KNOWN DEFECTIVE PART THAT THEY ARE UNWILLING TO REPAIR OR AID IN REPAIRING.,R
2016,12,226,120,0,0,0,0,THIS IS THE BASE MODEL S AUTOMATIC TRANSMISSION 1.4 TSI. THIS VEHICLE DOESN'T HAVE A GAUGE FOR MEASURING THE TEMPERATURE. UNABLE TO MAKE A DECISION PROMPTLY IF THE CAR STARTS TO HEAT IS A SAFETY PROBLEM. THE CAR APPARENTLY HAS A MECHANISM TO LOWER THE RPMS IF THE CAR STARTS HEATING AND HAS A LIGHT INDICATING THAT SOMETHING IS WRONG WITH THE COOLING SYSTEM BUT IT IS UNACCEPTABLE THAT IN 2016 YOU CAN'T SEE THE ENGINE TEMERATURE. I DIDN'T NOTICE THIS WHILE TESTING THE CAR BEFORE DOING THE PURCHASE AND THOUGHT IT WAS A MATTER OF CONFIGURATION BUT CONFIRMED THIS WITH THE MANUAL. THIS CAR HAS 85 MILES AND WHEN RUNNING THROUGH A SLOPE IN RURAL AREA IF IT DECIDES TO DOWN SHIFT THERES A BUMP OR A KNOCK IN THE TRANSMUTATION AS IF YOU WERE ABUSING THE CAR AND THE MOTOR OR TRANSMISSION MOUNTS CAN'T HOLD ITS FORCE. IT REALLY FEELS AWFUL WHEN THIS HAPPENS. THIS SHOULD HAPPEN SMOOTHLY BUT IT DOESN'T. I UNDERSTAND THAT IT WILL MAKE ITS OWN DECISION OF WHAT IS THE BEST GEAR IN ORDER TO PROVIDE ENOUGH TORQUE TO MANAGE THE SLOPE BUT THIS IS NOT NORMAL. THIS COULD BE A SING OF FUTURE FAILURE AND OF COURSE AN ACCIDENT CAN OCCUR. WOULD LIKE THIS TWO POINTS TO BE INVESTIGATED BY NHTSA.,N
2013,12,226,120,0,0,0,0,TL* THE CONTACT OWNS A 2013 VOLKSWAGEN JETTA. WHILE DRIVING 55 MPH THE SERVICE IMMEDIATELY WARNING LIGHT ILLUMINATED. THE VEHICLE WAS TAKEN TO A DEALER WHERE IT WAS DIAGNOSED THAT THE INTER COOLER NEEDED TO BE REPLACED WITH A REVISED CHARGE AIR COOLER KIT. THE VEHICLE WAS NOT REPAIRED THE MANUFACTURER WAS NOT NOTIFIED OF THE FAILURE. THE FAILURE MILEAGE WAS 130000. ,N
2010,12,226,120,0,0,0,0,"CAR IN SHOP FOR APPROXIMATELY 11 DAYS. ALTHOUGH CAR OUT OF WARRANTY FIXED WITH AUTHORIZATION FROM VW OF AMERICA AS A WARRANTY"" REPAIR AT NO CHARGE TO ME.  BAD FUEL NOT AN ISSUE (TESTED). HPFP AND ALL MAJOR FUEL SYSTEMS/LINES CLEANED OR REPLACED. HIGH PRESSURE FUEL PUMP FAILURE.  """,N
2002,12,226,120,0,0,0,0,THE CAR WILL SHUT DOWN WHILE DECELERATING(EX..COMING TO A STOP SIGN OR LIGHT)THE ENGINE JUST STOPS AND THE GENERATOR LIGHT COMES ON.I CAN START IT UP AGAIN RIGHT AWAY.IT IS VERY DANGEROUS AND I FEEL LIKE I MAY GET REAR-ENDED  I HAVE READ ONLINE THREADS THAT OTHER PEOPLE HAVE THE SAME PROBLEM AND THEY ARE HAVING PROBLEMS FINDING A SOLUTION.I HAVE HAD THIS VEHICLE SINCE NEW AND NOW IT ONLY HAS A LITTLE OVER 115000 MILES ON IT.,N
2010,13,663,120,0,0,0,0,2010 E92 55K MILES (88K KM)  THE CAR IS UNMODIFIED.  THE CAR HAS A FULL SERVICE HISTORY.  THE VEHICLE NEVER TRACKED - ALMOST ALL TRAVEL DURING MY OWNERSHIP WERE HIGHWAY MILES (23K).  THE CAUSE OF THE INCIDENT WAS A FAILURE OF THE NUMBER 1 ROD BEARING.     THE INCIDENT OCCURRED ON A WET SINGLE LANE ROAD IN POOR WEATHER.  I WAS LUCKY TO AVOID AN ACCIDENT WHEN VEHICLES FOLLOWING ME WERE CAUGHT UNAWARES BY MY UNEXPECTED DECELERATION. THE WAS LITTLE OPPORTUNITY TO PULL OVER TO THE SIDE OF THE ROAD WITH SAFETY DUE TO THE CONDITIONS.  I LOST POWER STEERING AND POWER BRAKES WHICH MADE THE CAR MORE DIFFICULT TO CONTROL.  ,N
2013,12,240,120,0,0,1,0,VW SOLD OVER 500000 'CLEAN DIESELS' IN THE US COMMITTING FRAUD.  I'M IN LIMBO WITH A VEHICLE I DON'T WANT AND CAN'T SELL.  WHEN IS THE NHTSA AND EPA GOING TO REQUIRE VW TO BUY BACK THIS CAR THAT BROKE A NUMBER OF STATUTES?,R
2012,13,2580,120,0,0,0,0,TL* THE CONTACT OWNS A 2012 BMW X6. WHILE DRIVING 55 MPH THE TRANSMISSION FAILED TO SHIFT TO THE LOWER GEARS. THE VEHICLE WAS TAKEN TO THE DEALER TO BE DIAGNOSED. THE MECHANIC WAS UNABLE TO DUPLICATE THE FAILURE BUT THE DIAGNOSTIC PRODUCED A FAULT CODE. THE CONTACT WAS INFORMED THAT THE ELECTRIC AUXILIARY WATER PUMP NEEDED TO BE REPLACED. THE VEHICLE WAS NOT INCLUDED IN NHTSA CAMPAIGN NUMBER: 12V161000 (ENGINE AND ENGINE COOLING). THE VEHICLE WAS REPAIRED. THE MANUFACTURER WAS NOTIFIED OF THE FAILURE. THE APPROXIMATE FAILURE MILEAGE WAS 50001.,N
2000,13,628,108,0,0,0,0,RADIATOR NECK FAILURE.*AK,N
2002,30,415,108,0,0,0,0,WHILE DRIVING OUT OF TOWN THE VEHICLE BEGAN TO RATTLE AND THE VEHICLE WOULD NOT GO FASTER THAN 35 MPH. THE VEHICLE CONTINUED TO RATTLE AND THE OWNER HAD THE VEHICLE TOWED TO THE DEALER WHERE THEY EVENTUALLY REPLACED THE ENTIRE ENGINE DUE TO METAL IN THE OIL PAN WHICH CAUSED PROBLEMS THROUGHOUT THE ENTIRE SYSTEM. PROVIDE FURTHER DETAILS.  *JB  ORIGINALLY THE OIL LIGHT CAME ON.  THE CONSUMER STOPPED AND CHECKED THE OIL LEVEL AND IT WAS FINE.  DRIVING A LITTLE FURTHER THE LIGHT CAME ON AGAIN .  *TC,N
2001,30,633,108,0,0,0,0,WHILE DRIVING 40 MPH VEHICLE STALLED. CONSUMER WAS ABLE TO RESTART THE VEHICLE. DEALERSHIP WAS NOTIFIED BUT DID NOT RESOLVE THE PROBLEM. *AK,N
2000,12,441,108,0,0,0,0,WHILE DRIVING AND AT A STOP VEHICLE  STALLED. CONSUMER WOULD RESTARTED THE VEHICLE.  DEALERSHIP WAS NOTIFIED BUT DID NOT RESOLVE THE PROBLEM. *AK,N
2001,16,466,108,0,0,0,0,WHILE DRIVING 65-70 MPH CHECK ENGINE LIGHT CAME ON AND VEHICLE STALLED. VEHICLE WAS TOWED TO THE DEALER WHO INFORMED  CONSUMER THAT THEY COULD NOT DUPLICATE OR LOCATE THE PROBLEM. *AK,N
2001,12,226,108,0,0,0,0,ENGINE CHECK LIGHT KEPT COMING ON. CONSUMER  TOOK  THE VEHICLE BACK TO THE DEALER ON SEVERAL OCCASIONS  AND THEY HAVE MADE MANY ATTEMPTS TO RECTIFY THE PROBLEM.  HOWEVER PROBLEM  HAD NOT BEEN RESOLVED. CONSUMER HAD TO CALL THE DEALER BACK JUST 35 MINUTES AFTER PICKING UP THE VEHICLE FROM THE DEALER BECAUSE THE ENGINE CHECK LIGHT CAME  RIGHT BACK ON.  *AK,N
2003,12,240,108,0,0,0,0,PROBLEMS WITH ENGINE SHUT DOWN ON 2003 VOLKSWAGEN PASSAT.   *MR   THERE WAS A PROBLEM WITH THE ODOMETER READING.  THE ECP LIGHT WOULD CONSTANTLY COME ON THE ENGINE WOULD GO OUT INTERMITTENTLY AND THERE WAS ROUGH IDLING.   *SC   *JB,N
2001,13,435,108,0,0,0,0,FUEL TANK LEAKING.  TOOK TO DEALERSHIP. NEEDED FUEL TANK AND LINES REPLACED. OVER $4000 IN REPAIRS FOR A 2001?  ASKED ABOUT RECALL ON FUEL TANKS TSB 165200.. SAID DOES NOT PERTAIN TO MY VEHICLE. WHATEVER?*AK,N
2002,13,595,121,0,0,0,0,PROBLEMS WITH LEFT REAR WHEEL BEARING AND WINDOW OPERATING MECHANISM.   *MR   THE A/C WAS NOT COOL ENOUGH IN HOT WEATHER AND THE WIPERS WOULD STREAK THE WINDOWS.   *SC  *JB,N
2003,16,583,121,0,0,0,0,A YEAR AGO I BROUGHT A C230 COMPRESSOR AT MERCEDES-BENZ AND SINCE THEN I HAD TO REPAIR MY A/C TWICE THE ABS LIGHT HAS BEEN FIXED TWICE IN ONE WEEK AND NOW MY TRANSMISSION IS ACTING OUT. ALTHOUGH I HAVE BROUGHT MY CAR IN A GREAT DEAL THE PROBLEM(S) STILL EXIST. IN ONE MONTH ALONE I BROUGHT MY CAR IN ABOUT 3 TIMES TO FIX ALMOST THE SAME PROBLEM(S). MY LAST VISIT WAS THIS PAST WEEK AND JUST TODAY I GOT MY CAR BACK AND THE TRANSMISSION STILL FEELS FUNNY. IT JERKS WHEN I STEP ON THE ACCELERATOR AND FOR SOME REASON I FEEL MORE UNSAFE NOW THEN BEFORE.*AK,N
2003,16,604,121,0,0,0,0,"PURCHASED 2003 MERCEDES E-320 ON 1/10/04 FROM LEITH MERCEDES IN RALEIGH NC TWO HOURS FROM MY HOME.   WHEN I PICKED UP THE CAR THE TELE-AID DID NOT WORK - MODULE REPLACED - OLD PART NOT AVAILABLE; ADJUSTING MOTOR FOR OUTSIDE MIRROR DID NOT WORK - MOTOR REPLACED - OLD PART NOT AVAILABLE.  IN MAY 2004 DASH MESSAGE SAID CONTACT DEALER.  CONTACTED DEALER WHO SENT FLATBED FOR CAR.  HAD CAR FOR 3 WEEKS.  NO EXPLANATION OF FAILURE.  FINALLY ARRANGED A RENTAL CAR FOR ME.    CAR IS CURRENTLY AT DEALER FOR A/C FAILURE (DROVE 1400 MILES WITH NO A/C!) LEAKY TRUNK (PART OF THAT TRIP WAS IN THE RAIN AND MY LUGGAGE AND OTHER ITEMS IN THE TRUNK GOT WET)  GROANING NOISE"" IN ENGINE COMPARTMENT WHISTLING SUNROOF( WHICH HAS ALREADY BEEN REPLACED BECAUSE OF WHISTLING - OLD PART NOT AVAILABLE) WHISTLING FAN;AMBIENT LIGHTING AND WINDSHIELD WIPERS COME ON AT WILL; REAR OVERHEAD LIGHT DOES NOT WORK; CLOCK LOSES TIME.  THIS TIME UNDER DURESS THEY ARRANGED A LOANER VEHICLE FOR ME.  HAVE HAD ONE CALL FROM DEALER SINCE CAR WAS BROUGHT IN ON 9/12/04 TO CLARIFY AN ITEM ON MY LIST.  THEY ""DID NOT KNOW"" WHEN MY CAR WOULD BE READY.   TODAY IS 9/22 AND I HAVE NOT HEARD FROM THEM.   WHEN I ASKED DEALER ABOUT BRAKE RECALL THEY SAID THEY HAD NO KNOWLEDGE OF IT EVEN THOUGH IT WAS ON THE FRONT PAGE OF USA TODAY.  I HAVE ASKED FOR A FREE EXTENDED WARRANTY AS THE CAR HAD 5000 MILES ON IT WHEN PURCHASED - (IT NOW HAS 18000+ - SO MY WARRANTY IS FOR 1 YEAR OR 50000).  THEY WILL ""GET BACK TO ME"" ON IT.  SO FAR I HAVE NOT HEARD A WORD.   I TRAVEL ALOT ALONE AND THE CAR IS MAKING ME UNEASY.  MY HUSBAND REFUSES TO DRIVE IT.  I BELIEVE THE CAR  IS A LEMON!  ALSO WHEN I ARRANGED TO PURCHASE THE VEHICLE  THEY TOLD ME THE CAR WOULD BE A NEW ONE THEN CALLED ME TO TELL ME IT WAS IN FACT A ""DEMO"" MODEL.  IT LOOKS AS IF THEY WERE TRYING TO UNLOAD IT AND I BOUGHT IT!  *AK""",N
2003,13,554,102,0,0,0,0,YOU NEED TO GET THOSE STUPID DANGEROUS BRIGHT LIGHTS OFF THE ROAD.  NOT ALL OF US HAVE PERFECT EYES. EVEN A SMALL CATARACT CAUSEES A LOSS OF SIGHT AND THESE LIGHTS MAKE IT MUCH WORSE. CHECK WITH AN OPHTHALMOLOGIST AND THEY WILL TELL YOU THE SAME THING. MY FRIEND HERE IN POORTLAND OREGON JUST GOT BACK FROM MINN. & WIS. AND HE WAS MAD AS HELL ABOUT THE BRIGHT LIGHTS HE HAD TO CONTEND WITH. SO WHY ARE YOU PEOPLE WORRIED ABOUT AFTER THE FACT ON THE ACCIDENTS. WHY DON'T YOU GET THESE UNSAFE THINGS OFF THE ROAD. YOU NEED TO FORCE A SYSTEM ON VEHICLES THAT THEY CAN ONLY GO SO FAST ACCORDING TO THEIR WEIGHT. THIS STUPIDITY ABOUT PUTTING A SENSOR TO TELL THE DRIVER WHEN HE HAS A LOW TIRE IS STUPID AT BEST. WHY DON'T YOU FORCE SERVICE STATIONS TO GO BACK TO SERVICE STATIONS THE WAY THEY WERE IN THE 1950S.  I CHECKED THOUSANDS OF TIRES COOLENT LEVEL & JUST BASIC STUFF UNDER THE HOOD AS WELL AS WASHED THOUSAND OF WIND SHIELDS.   THE COUNTRY HAS GONE TO HELL IF YOU ASK ME.   THE GOVERNMENT HAS RUINED ALOMST EVERY THING THEY GET INVOLVED IN.  LET US KEEP SOME OF OUR MONEY & WE WILL DO IT OUR SELVES.  STUDEBAKER & KAISER-FRAZER WERE VERY SAFE VEHICLES BUT THEY WERE EXPENSIVE FOR THEIR DAY.  YOU CAN'T SELL SAFETY.  I WENT TO GOGGGLE & PUT IN DEPT OF TRANSPORTATION. FOUND THIS SITE AS NO. ONE. THEN WIGGLED AROUND AND FOUND THIS SITE.  IT IS WAY TOO HARD TO FIND. REX R. BAHR @ POORTLAND OREGON U.S.ALIENS.  *AK  ,N
2006,16,583,102,0,0,0,0,"MY FIRST INCIDENCE WAS DRIVING AND THE STEERING WOULD ALL OF A SUDDEN GET STIFF LIKE IT NEEDED POWER STEERING FLUID OR SOMETHING.  CHECK IT WASN'T THE FLUID (THIS HAPPENED A FEW MONTH AGO I THOUGHT HMMM PROBABLY JUST SOMETHING FREAKY)  THEN 1/8/16 RIDING DOWN THE BUSY INTERSTATE HIGHWAY THE CAR ACCELERATION JUST LEFT. I PRESSED THE ACCELERATOR TO THE FLOOR BUT NO SPEED. IT WAS EXTREMELY SCARY. I HAD THE CAR CHECKED OUT...IT'S THE CLASSIC PROBLEM I NEVER HEARD OF UNTIL TODAY. ( INTAKE MANIFOLD TUMBLE FLAP) SOME PLASTIC JUNK ON AN EXPENSIVE CAR. IF I WANTED A JUNK CAR I WOULD'VE WENT TO THE  JUNK YARD"" PAID LIKE 250. AND BE DONE WITH IT. I'M VERY DISAPPOINTED AND ANGRY. I'M GLAD MY KIDS WASN'T IN THE CAR AND IT WASN'T A HORRIFIC OUTCOME. NOW I CAN'T DO ANYTHING WITH THE CAR RIGHT NOW BECAUSE IT'S EXPENSIVE TO REPAIR FOR SUCH A CHEAP PIECE THAT SHOULDN'T HAVE NEVER BEEN ON IT AND BECAUSE #1 I'M ON A FIXED INCOME #2 I STILL HAVE TO PAY FOR IT. BUT WHAT DOES MB CARE ABOUT THAT....ITS JUST A PRODUCT TO THEM A MONEY MAKER.""",N
2009,16,2175,102,0,0,0,0,BACKGROUND:  IN 2014 THERE WAS A RECALL OF C-CLASS MERCEDES BENZ VEHICLES DUE TO CORROSION ON THE CONNECTORS OF THE REAR TAIL LIGHT CAUSING THE LIGHT TO FAIL.    MERCEDES BENZ FIX FRONT LIGHT CONNECTORS - NEW ISSUE:  LEFT FRONT PARKING LIGHT IS INOPERABLE AND THE DASHBOARD WARNING MESSAGE CAME ON.  WENT TO THE DEALER TO HAVE THE PARKING LIGHT BULB REPLACED.  THE MECHANIC VERIFIED THE CONCERN REPLACING THE BULB DID NOT WORK.  THE MECHANIC CHECKED AND FOUND THAT THE PARKING LAMP HARNESS HOLDER IS PEELING AND CORRODED CAUSING THE WIRE TO SHORT.  MERCEDES BENZ WANTED ME TO PAY $1440.35 FOR THE REPLACEMENT OF THE ENTIRE LIGHT ASSEMBLY AND RECOMMENDED CHANGING THE RIGHT SIDE TOO EVEN THOUGH IT WAS OPERABLE.  THE LIGHT ASSEMBLY ENCASES THE FRONT PARKING LIGHT BULBS (EYEBROW LIGHTS - 2 EACH) AND THE HEADLIGHT BULB.  THE SERVICE ADVISOR JEFF DECORTE INDICATED THAT HE SEES THIS ALL THE TIME WHICH IS WHY HE RECOMMENDED REPLACING BOTH SIDES OF THE ENTIRE LIGHT ASSEMBLIES.  BULB HOLDERS AND CONNECTORS SHOULD BE REPLACED AT NO COST TO THE OWNER DUE TO THE PEELING AND CORROSION.  PLEASE INVESTIGATE THIS MAY BE POTENTIALLY ANOTHER RECALL EXCEPT NOW IT'S THE FRONT PARKING LIGHTS.  PLEASE NOTE THAT MY CAR HAS ALWAYS BEEN SERVICED AT THE REQUIRED INTERVALS BY THE DEALER.  ,R
2004,33,280,102,0,0,0,0,CONSUMER STATED WHILE DRIVING THE BRAKE LIGHT WILL NOT DISENGAGE DUE TO  BRAKE LIGHT SWITCH  MALFUNCTIONING. THE PART WAS REPAIRED TWICE HOWEVER THE PROBLEM RECURRED.  *AK,N
2001,12,226,102,0,0,0,0,MY BLINKERS ON MY JETTA BLINKED SLOWLY FOR A SECOND OR TWO THEN STOPPED WORKING CONSEQUENCES COULD HAVE BEEN SEVERE AS I COULDN'T SIGNAL MY TURNS. I TOOK IT TO A VW DEALERSHIP WHO REPLACED THE EMERGENCY HAZARD SWITCH.,R
2014,12,226,102,0,0,0,0,TL* THE CONTACT OWNS A 2014 VOLKSWAGEN JETTA. WHILE DRIVING APPROXIMATELY 25 MPH THE HEADLIGHTS FAILED WITHOUT WARNING. THE VEHICLE WAS TAKEN TO A DEALER WHERE IT WAS DIAGNOSED THAT THE HEADLIGHTS AND MODULE NEEDED TO BE REPLACED. THE VEHICLE WAS NOT REPAIRED. THE MANUFACTURER WAS NOT NOTIFIED OF THE FAILURE. THE VIN WAS UNKNOWN. THE APPROXIMATE FAILURE MILEAGE WAS 35999. ,R
2003,30,415,109,0,0,0,0,WHILE DRIVING VEHICLE STOPPED IN THE MIDDLE OF A DARK ROAD.  IT WAS TOWED  AND DEALER DISCOVERED THAT FUEL PUMP WAS DEFECTIVE.  MANUFACTURER STATED THERE WERE NO RECALLS.  HOWEVER MECHANIC CLAIMED THESE VEHICLES WERE PRONE FOR FUEL PUMP FAILURE.*AK,R
2001,30,279,109,0,0,0,0,"I NOTICED THAT MY FUEL GAUGE WAS INCORRECT. I TOOK CAR TO THE DEALER AND WAS TOLD THERE WAS A BAD FUEL SENDER UNIT. THE REPAIR WAS ESTIMATED TO COST $1000. I TOOK THE CAR TO AN INDEPENDENT MECHANIC WHO CONFIRMED THE PROBLEM BUT TOLD ME THERE HAD BEEN A RECALL ON THE CAR FOR THIS PROBLEM.  HE GAVE ME A PRINTOUT OF THE RECALL NOTICE WHICH HAD BEEN ISSUED IN 2001. I SPOKE WITH AUDI OF AMERICA AND WAS TOLD THAT I WOULD HAVE TO CONFIRM WITH THE DEALER THAT THIS RECALL WORK HAD BEEN DONE ON MY CAR.  IN THE DATABASE THE DEALER FOUND THAT MY CAR HAD BEEN CHECKED FOR THIS PROBLEM IN SEPT 2001 (BEFORE I PURCHASED IT) AND IT HAD BEEN DETERMINED THAT NO ACTION WAS NECESSARY.  I SPOKE AGAIN WITH AUDI OF AMERICA AND AFTER THEIR REPRESENTATIVE HAD RESEARCHED"" THE ISSUE I WAS TOLD THAT THE CORRECT FUEL SENDING UNIT MUST HAVE BEEN IN MY CAR OR THEY WOULD HAVE REPLACED IT. SO I AM LEFT WITH A NONFUNCTIONING FUEL GAUGE AND NO HELP FROM AUDI ON FIXING THIS SAFETY PROBLEM.""",R
2000,12,240,109,0,0,0,0,THE FUEL GAUGE INDICATED FUEL WAN THE VEHICLE HOWEVER THERE WAS NO FUEL AND THE VEHICLE RAN OUT OF GAS.  THE VEHICLE WAS NOT INCLUDED IN  RECALL NUMBER.  01V157000.  *JB,R
2000,30,567,109,0,0,0,0,MY 2000 AUDI TT QUATTRO HAS A PROBLEM WITH ITS FUEL GAUGE WHERE IT SOMETIMES READS THAT THERE IS MOST OF A TANK OF GAS WHEN THE TANK IS NEARLY EMPTY. PROBLEM IS INTERMITTENT. I HAVE NOT RUN OUT OF GAS OR HAD AN ACCIDENT BUT THIS SEEMS TO BE A POTENTIAL SAFETY HAZARD TO ME (THE CAR COULD RUN OUT OF GAS WITHOUT WARNING).    ON AUDIWORLD.COM TT FORUMS THERE ARE MANY REPORTS OF THIS SAME PROBLEM.*AK,R
2003,13,435,109,0,0,0,0,THE VEHICLE STALLS WHILE IN MOTION.  PURCHASED AN X5 IN DECEMBER 2002.  PRIOR TO REACHING 400 TOTAL MILES THE CAR STALLED TWICE WHILE IN MOTION THUS CAUSING ALL ELECTRICAL SYSTEMS TO FAIL.  THE DEALER REPORTED THE PROBLEM SOLVED.  LAST WEEK WHILE DRIVING AT 25 MPH THROUGH THE EZ PASS LANES ON THE PA TURNPIKE THE CAR STALLED ONCE AGAIN LOSING POWER WHILE IN MOTION.  LUCKILY NO ONE WAS BEHIND ME AS THEY WOULD HAVE CERTAINLY REAR ENDED MY VEHICLE.  I TOOK THE CAR TO THE DEALER AND THEY ACKNOWLEDGED THAT ANOTHER CUSTOMER HAD THIS PROBLEM.  I DROPPED THE CAR OFF ON FRIDAY SEPTEMBER 24 2004 THE DEALER HAS YET TO DIAGNOSE THIS RECURRING PROBLEM.*AK,R
2003,13,599,109,0,0,0,0,THE CONSUMER HAD THE VEHICLE FIXED UNDER RECALL CAMPAIGN NUMBER 04V-182000 BUT THE  RECALL FAILED.  *JB,N
2008,16,1839,109,0,0,0,0,I NOTICED A STRONG GAS SMELL AFTER A FULL TANK OF GAS WITH MY MERCEDES BENZ GL450  AFTER I RECEIVED IT BACK FROM THE MERCEDES BENZ DEALER TO REPLACE THE DRIVER SIDE FUEL SENDING UNIT TO FIX THE BROKEN FUEL GAUGE.  THE STRONG GAS ODOR WAS NON-EXISTENT BEFORE THE REPAIR. INITIALLY I THOUGHT IT WAS JUST A RESIDUAL SMELL DUE TO THE REPAIR BUT AFTER A WEEK WHEN I FILLED AGAIN THE GAS SMELL WAS STILL THERE. THE SMELL IS SO BAD ESPECIALLY IN THE MORNING WHEN I GET INSIDE THE GARAGE. THE SMELL IS EVIDENT ON THE REAR PASSENGER SIDE CLOSE TO THE GAS TANK. ON JANUARY 11 2016 I BROUGHT BACK THE VEHICLE TO THE SAME MERCEDES BENZ DEALER WITH A QUARTER OF A TANK TO INVESTIGATE THE PROBLEM. AFTER A COUPLE OF DAYS THE SERVICE ADVISOR TOLD ME THAT THE TECHNICIAN/MECHANIC DID THE INSPECTION AND DIAGNOSIS BUT DID NOT FIND ANYTHING WRONG. I WAS ASKED IF I OVERFILL WHEN I PUT GAS AND I SAID NO. IF MERCEDES BENZ COULD NOT FIND OUT WHAT IS WRONG TO AN OBVIOUS PROBLEM I DON'T KNOW WHAT'S GOING ON WITH THE VEHICLE. AS I HAVE SAID BEFORE THIS PROBLEM WAS NON-EXISTENT BEFORE THEY DROPPED THE TANK TO FIX THE FUEL SENDING UNIT. I FIND IT WRONG THAT I HAVE TO SHOULDER THE BURDEN OF WORRIES AND UNCERTAINTY TO A SAFETY PROBLEM THAT MERCEDES BENZ COULD NOT ACCURATELY DIAGNOSE. AT THIS TIME I DO NOT REALLY HAVE A PEACE OF MIND SAFETY WISE WHENEVER I DRIVE THIS VEHICLE WITH MY FAMILY.,N
2010,12,226,109,0,0,0,0,"CAR IN SHOP FOR APPROXIMATELY 11 DAYS. ALTHOUGH CAR OUT OF WARRANTY FIXED WITH AUTHORIZATION FROM VW OF AMERICA AS A WARRANTY"" REPAIR AT NO CHARGE TO ME.  BAD FUEL NOT AN ISSUE (TESTED). HPFP AND ALL MAJOR FUEL SYSTEMS/LINES CLEANED OR REPLACED. HIGH PRESSURE FUEL PUMP FAILURE.  """,N
2007,13,1339,122,0,0,0,0,TL* THE CONTACT OWNS A 2007 BMW 750LI. WHILE DRIVING APPROXIMATELY 45 MPH THE FRONT PASSENGER SIDE DOOR OPENED WITHOUT WARNING. THE CONTACT PULLED OVER AND CLOSED THE DOOR. THE FAILURE RECURRED THREE TIMES. THE VEHICLE WAS NOT DIAGNOSED OR REPAIRED. THE MANUFACTURER WAS NOT MADE AWARE OF THE FAILURE. THE FAILURE MILEAGE WAS APPROXIMATELY 93000. ,R
2004,13,416,111,0,0,0,0,WHILE DRIVING  AT LOW SPED ON LOW TRAFFIC STOPPED AND MOVED FORWARD  THE  CLUTCH DIDN'T ENGAGE PROPERLY AND  SMELLED BURNING . DEALERSHIP  INSPECTED THE VEHICLE SEVERAL TIMES AND COULD NOT DUPLICATE OR CORRECT THE PROBLEM . *AK,N
2012,13,858,111,0,0,0,0,WHILE DRIVING THIS AFTERNOON I STARTED TO ACCELERATE FROM A STOP LIGHT AND THE CAR JUST STUTTERED OUT OF NO WHERE AND HAD TROUBLE ACCELERATING. A WARNING POPPED UP THAT SAID DRIVETRAIN MALFUNCTION. I TOOK IT TO THE CLOSEST REPAIR SHOP AND THEY RAN DIAGNOSTICS ON IT AND CANNOT FIGURE OUT WHAT IS WRONG. THE CAR IS STILL NOT OUTPUTTING ENOUGH POWER AND THE WARNING IS STILL UP. I HAVE DONE RESEARCH ON THIS AND THERE ARE A TON OF HITS ON THIS. BMW NEEDS TO FIGURE OUT WHAT IS WRONG WITH THEIR VEHICLES AND SEND OUT A RECALL.,R
2000,13,858,111,0,0,0,0,REAR DRIVER'S SIDE SUBFRAME MOUNT POINT FAILURE. THE CAR HAS GONE THROUGH CLASS ACTION SUIT IN 2009 AND WAS INSPECTED BY BMW IN 2010--WAS TOLD EVERYTHING IS OK AND IT WILL NOT FAIL SINCE ONLY ONES WITH VISIBLE DEFECT WILL FAIL. BUT MINE FAILED ANYWAY 5 YEARS LATER. THIS SHOWS EVEN IF THE DAMAGE/DEFECT IS NOT VISIBLE IT CAN MANIFEST ITSELF AT ANY TIME. I WAS DRIVING ABOUT 20MPH ON CITY STREETS GOING STRAIGHT ACCELERATING FROM A STOP SHIFTING GEARS FROM 2ND TO 3RD WHEN A LOUD EXPLOSIVE BANG WAS HEARD FROM THE REAR WITH AN ALARMING JOLT THAT TRIGGERED AN INTERIAL LOCK ON SEATBELTS MADE ALL OCCUPANTS SCREAM IN SHOCK AND CHILDREN CRYING.  INSPECTION OF UNDERCARRIAGE REVEALED THAT THE FLOOR PAN WHERE THE REAR DRIVER SIDE SUBFRAME  ATTACHES TO HAS COMPLETELY SHATTERED LEAVING DRIVER SIDE OF THE SUBFRAME DIFFERENTIAL AND REAR AXLE FLOATING WITH CHUNKS OF SHEETMETAL FROM MOUNT POINT MISSING. I HAVE BEEN ADVISED BY TWO INDEPENDENT MECHANICS THAT THIS IS A DANGEROUS FAILURE AND I SHOULD NOT BE DRIVING THE CAR AND THE ONLY REASON OF FAILURE IS DEFECT IN THE CAR.  MECHANICS BELIEVE THIS FAILURE POSES SERIOUS SAFETY HAZARD SAYING IT CAN EASILY SEPARATE THE REAR AXLE AND IF THIS HAPPENS WHILE DRIVING THE SEPARATED REAR AXLE WILL PULL ON THE EMERGENCY BRAKE CABLE AND LOCK IT UP IMMEDIATELY STOPPING THE CAR.  IF THIS HAPPENS ON A FREEWAY IT CAN CAUSE CATASTROPHIC COLLISION INCIDENT ENDANGERING LIVES.  THEY WERE SHOCKED THE CAR WAS NEVER FORMALLY RECALLED FOR SAFETY. HUNDREDS OF CARS ARE AFFECTED AND THIS IS JUST ONE GLIMPSE OF THE EXTENT OF THE FAILURES: HTTP://FORUM.E46FANATICS.COM/SHOWPOST.PHP?P=16850066&POSTCOUNT=1473    IT IS APPALLING THAT SUCH DANGEROUS DEFECT THAT IS SO WELL-KNOWN AND PREVALENT IN 1999-2000 BMW 3 SERIES HAS NEVER BEEN RECALLED TO MAKE BMW ACCOUNTABLE.  REPAIR ESTIMATE MIN. $5000,R
2004,30,415,111,1,0,0,0,VEHICLE IS HAVING A PROBLEM WITH THE TRANSMISSION. OWNER HAS LEASED THIS VEHICLE IN JUNE 2004. WHEN THE VEHICLE IS IN REVERSE IT WILL NOT MOVE THEN SUDDENLY THE ENGINE WILL ACCELERATE AND A CLICK AND POP SOUND WILL BE HEARD AND THEN THE VEHICLE WILL SURGE BACKWARD.  OWNER HAD TAKEN THE VEHICLE TO THE DEALERSHIP AND THEY COULD NOT DUPLICATE THE PROBLEM. INSTEAD THE TRANSMISSION WAS REPLACED BECAUSE IT WAS SAID AT THAT TIME THAT THEY WERE AWARE OF THE PROBLEM BUT COULD NOT REPAIR IT.  PROVIDE FURTHER DETAILS.,N
2004,12,557,111,0,0,0,0,CONSUMER TOOK VEHICLE TO DEALER FOR REPAIRS DUE TO TRANSMISSION SLIPPING.  LESS THAN 2000 MILES THE SAME ISSUE OCCURRED AGAIN  TRANSMISSION SLIPPED AFTER BEING DRIVEN FOR WHILE.*AK,N
2016,12,557,111,0,0,0,0,- VEHICLE IS GETTING 19MPG (MOSTLY HIGHWAY).  MPG ON CAR IS WELL BELOW PUBLISHED RANGE OF 22-31.  VW TELL ME THAT I WILL ONLY GET THE PUBLISHED MPG AFTER 9000 MILES!!  - CARPLAY SYSTEM IS NOT CONNECTING TO *ANY* APPLE IPHONE.  - INFOTAINMENT SYSTEM IS SOM,N
2015,13,3948,111,0,0,0,0,TL* THE CONTACT OWNS A 2015 BMW I3. WHILE DRIVING APPROXIMATELY 70 MPH ON AN EXTENDED RANGE THE SPEED DECREASED TO BELOW 60 MPH AND COMPLETELY LOST ACCELERATION. THERE WERE NO WARNING INDICATORS ILLUMINATED. THE FAILURE WAS NOT DIAGNOSED. THE MANUFACTURER WAS MADE AWARE OF THE FAILURE. THE VIN WAS INVALID. THE FAILURE MILEAGE WAS 9500. ,N
2003,12,226,111,0,0,0,0,REPEATED COMPLETE CLUTCH FAILURE ON MY 2003 JETTA. I AM AN EXPERIENCED STANDARD TRANSMISSION DRIVER AND NEVER HAD PROBLEM LIKE THIS WITH ANY OTHER CAR. THE CLUTCH SEEMS TO BE OF LOW QUALITY AND VOLKWAGEN IS BLAIMING CLUTCH FAILURE ON THE DRIVER - EASY WAY OUT.  *JB,N
2002,12,226,111,0,0,0,0,VEHICLE WAS EQUIPPED WITH AN ASR LIGHT AND WHEN DRIVING ON A SMOOTH ROAD THE ASR LIGHT WILL COME ON AND THE VEHICLE WILL  DOWN SHIFT. TOOK  VEHICLE TO THE DEALER AND WAS TOLD THAT AFTER EXAMINING THE VEHICLE THERE WAS NOTHING THEY COULD DO. THEY WERE COMPLETELY BAFFLED CLEARED OUT THE CODES AND REPLACED THE BRAKE LIGHT MODULES BUT WERE UNABLE TO SOLVE THE TRANSMISSION PROBLEM. ALSO HEATED SEATS OVERHEATED. CONSUMER WA S FURIOUS.  *AK,N
2003,12,226,111,0,0,0,0,I BEGAN NOTING TRANSMISSION PROBLEMS WITH MY CAR IN FEBRUARY OF 04.  WHEN I BROUGHT IT TO THE ATTENTION OF MY DEALERSHIP AND VW OF AMERICA THEY BOTH DISMISSED MY CONCERNS.  THE CLUTCH WAS INSPECTED IN THE SPRING BUT THEY COULD FIND NO PROBLEM WITH IT.  MY CLUTCH HAS NOW FAILED AT 18600 MILES AND VW IS REFUSING TO REPAIR IT.    I HAVE NEVER DRIVEN ANYTHING OTHER THAN MANUAL TRASMISSION CARS AND HAVE NEVER NEEDED TO REPLACE A CLUTCH EVEN AFTER 130K.    THE DEALERSHIP HAS MY CAR AND REFUSES TO REPAIR IT.  I HAVE NO TRANSPORATION AS A RESULT AS THEY WILL NOT GIVE ME A LOANER CAR WHILE I WAIT FOR THE FACTORY CUSTOMER SERVICE PERSON TO INSPECT THE CAR.    I HAVE NOTIFIED THEM THAT I WILL SEEK LEMON LAW STATUS IF THEY FAIL TO REPAIR THE CAR BY OCTOBER 8TH 2004. *AK,N
2010,33,2049,111,0,0,0,0,LOUD WHINE/GROWLING SOUND COMING FROM DRIVE TRAIN AT ALL SPEEDS.  GREW LOUDER OVER A PERIOD OF TWO WEEKS.  HAD TO HAVE THE REAR DIFFERENTIAL REPLACED AT ONLY 35890 MILES DUE TO BEARING FAILURE.,R
2003,12,405,111,0,0,0,0,"WHILE DRIVING AT NIGHT THE EPC LIGHT CAME ON.  I WANTED TO PULL OVER SINCE THE CAR IS FAIRLY NEW AND HAD NEVER SEEN THAT LIGHT ON WHILE DRIVING.   I PULLED THE CAR OFF THE ROAD TO CHECK THE MANUAL AND SEE WHAT THE LIGHT MEANT.  THE CAR WAS IN PARK.  I COULD NOT GET THE CAR TO SHIFT OUT OF PARK.  AFTER CALLING ROAD SIDE ASSISTANCE...I HAD THE CAR TOWED TO THE DEALERSHIP.  THING IS ROAD SIDE ASSISTANCE HAD HEARD ABOUT THIS BEFORE.  THEY HAD ME DO A PROCEDURE""  TO GET THE CAR TO SHIFT OUT OF PARK AND BE ABLE TO DRIVE HOME.  ONCE HOME THE CAR GOT STUCK INTO NEUTRAL.  I THEN HAD IT TOWED.  *AK""",N
2004,12,405,111,0,0,0,0,2004 VW BEETLE BUY 8-19-04.  RANSMISSION FAILURE 4 SINCE 9-8  LETTER 9-18 SENT CERTIFIED  *VW TECH HOTLINE GAVE NO CASE #  SERVICE MGR GAVE CUSTOMER TWO 800#S & CUSTOMER SPOKE W/3 MEN BUT NO CASE #S & SAID THEY WOULD CALL BACK IN 10-15 DAYS.  A/O 9-29 NO RETURN CALL & CAR BACK IN SHOP FOR 4TH TIME SAME THING.    DEALER WANTS CUSTOMER TO DRIVE AROUND LEAVE SERVICE TICKET OPEN IN CASE HAPPENS AGAIN.    CUSTOMER REQUESTED FULL REFUND UNDER LEMON LAW BUT NO RESPONSES TO REQUEST.    INCIDENTS:  1.  9-8 TRIED DIFFERENT GEARS AND MOVED INTO FIRST GEAR ONLY CHECK ENGINE LIGHT ON AND GEAR SHIFT INDICATOR LIGHT WOULD NOT LIGHT UP.  SALESMAN ADVISED TO DRIVE TO SERVICE DEPARTMENT WHICH TOOK  OVER 45 MINUTES AT A TOP SPEED OF 10 MPH.    WORK ORDER #87669 INDICATES POSSIBLE ELECTRICAL CONTACT AND READS:    HOOK-UP VAS 5051 CODES PO1626 DATA-BUS POWER-TRAIN MISSING MESSAGE FROM TCM CODES 01315 AND 01315 INST CLUSTER AND DATA BUS GEARBOX CONTROL UNIT NO COMMUNICATION. PERFORMED ALL TEST WITH VAS 5051 AND PER TECH HOTLINE NO FAULTS FOUND    ADVISE TO CLEAR CODES AND TEST DRIVE. IF NO FURTHER PROBLEM OR CODES RETURN VEHICLE TO CUSTOMER. VW TECH HELP CONTACT NO CASE #. FURTHER OVERNITE ROAD TEST-ALL OK ON TEST.    DISCREPANCY-MILEAGE WO #87669 READS 143 MILES IN BUT MILEAGE CHANGED TO 561 IN AND 602 OUT WHEN CAR PICKED UP.       2.  9-16 SEPTEMBER 16 SAME HAPPENED AROUND LUNCH DROVE TO DEALER SALESMAN SAID IT WAS FINE    3.  9-16 EVE OUT OF GEAR-TOWED SERVICE ORDERED CLUSTER TO INSTALL      4.  9-27 VEHICLE WOULDN'T ENGAGE.  STILL AT SHOP.  THEY SAY THEY REPLACED MORE STUFF CUSTOMER DOESN'T TRUST    AFRAID OF SAFETY-SELF FAMILY OTHERS ON THE ROAD.  *AK,N
2004,12,240,111,0,0,0,0,AUTOMATIC TRANSMISSION LURCHED ON DOWN SHIFT WHEN COMING TO A STOP. WHILE DRIVING AT ANY SPEED MOMENTARY HESITATION  PARTICULARLY IN AN  INTERSECTION. THE DEALERSHIP HAS INSPECTED ON SEVERAL TIMES AND COULD NOT DUPLICATE OR CORRECT THE PROBLEM. PLEASE PROVIDE FURTHER INFORMATION.  *JB  DEALERSHIP CORRECTED THE PROBLEM WITH VEHICLE AND CONSUMER WISHED TO RESCIND REPORT FROM COMPLAINT DATABASE. *MJJ  ,N
2004,12,240,111,1,0,1,0,WHEN SLOWING DOWN AT TRAFFIC LIGHT CAR HESITATED AND THEN JERKED FOWARD AS IF I HAD BEEN HIT FROM BEHIND. IT WAS ENOUGH TO MAKE MY BACK AND NECK SORE. I TOUCHED THE ACCELERATOR PEDAL TO GIVE THE CAR SOME GAS AND THE ENGINE FREELY REVVED EVEN THOUGHT THE TRANSMISSION INDICATED IT WAS IN 'DRIVE'. THE CAR HAS DEVELOPED A HESITATION TO ACCELRATE BEFORE THE INCIDENT AND AFTER. THE CAR HAS ALSO BEEN SHOWING SIGNS OF EXCESSIVE FUEL CONSUMPTION.*AK,N
2006,16,920,111,0,0,0,0,TL* THE CONTACT OWNS A 2006 MERCEDES-BENZ S500. WHILE DRIVING 20 MPH WITH THE BRAKE PEDAL DEPRESSED THE VEHICLE JERKED BEFORE COMING TO A HALT. THE FAILURE RECURRED ON NUMEROUS OCCASIONS. THE VEHICLE WAS TAKEN TO A DEALER WHERE IT WAS DIAGNOSED THAT THE TRANSMISSION NEEDED TO BE REPLACED. THE VEHICLE WAS NOT REPAIRED. THE MANUFACTURER WAS NOT NOTIFIED OF THE FAILURE. THE FAILURE MILEAGE WAS 60000. ,N
2015,13,704,111,0,0,0,0,UNCOMMANDED ENGINE ACCELERATION WHILE SLOWING TO A STOP:  WHILE SLOWING TO A STOP AT A STOPLIGHT WITH FOOT ON THE BRAKE THE ENGINE SUDDENLY SURGED VIOLENTLY.  I HAD TO APPLY FULL BRAKING PRESSURE TO STOP THE VEHICLE FIGHTING AGAINST THE POWER OF THE ENGINE.  THE VEHICLE TOOK MUCH LONGER THAN USUAL TO STOP.,R
2012,13,2580,111,0,0,0,0,TL* THE CONTACT OWNS A 2012 BMW X6. WHILE DRIVING 55 MPH THE TRANSMISSION FAILED TO SHIFT TO THE LOWER GEARS. THE VEHICLE WAS TAKEN TO THE DEALER TO BE DIAGNOSED. THE MECHANIC WAS UNABLE TO DUPLICATE THE FAILURE BUT THE DIAGNOSTIC PRODUCED A FAULT CODE. THE CONTACT WAS INFORMED THAT THE ELECTRIC AUXILIARY WATER PUMP NEEDED TO BE REPLACED. THE VEHICLE WAS NOT INCLUDED IN NHTSA CAMPAIGN NUMBER: 12V161000 (ENGINE AND ENGINE COOLING). THE VEHICLE WAS REPAIRED. THE MANUFACTURER WAS NOTIFIED OF THE FAILURE. THE APPROXIMATE FAILURE MILEAGE WAS 50001.,N
2003,38,396,111,0,0,0,0,STRONG SMELL OF BURNING OIL IN PASSENGER COMPARTMENT AFTER DRIVING 20 MILES OR SO AND COMING TO A STOP.  TRANSFER CASE REPLACED TWICE UNDER WARRANTY AND PROBLEM PERSISTS.*AK,N
2006,13,456,117,0,0,0,0,TAKATA RECALL. THE PASSENGER SEAT'S AIRBAG/WEIGHT SENSOR ON OUR 2006 325I HAS GONE OUT REPEATEDLY (WE'RE ON THE 4TH OR 5TH REPLACEMENT.) IT HAPPENS WHEN THE CAR IS IN MOTION AND THEN THE SENSOR LIGHT COMES ON TO ALERT US THAT SOMETHING IS WRONG AND STAYS ON UNTIL IT'S REPLACED. HOWEVER IT USUALLY GOES OUT AGAIN WITHIN 18 MONTHS OR SO. I AM USUALLY SITTING IN THE SEAT WHEN THIS HAPPENS WHICH IS VERY UNSAFE. I CAN'T REMEMBER THE EXACT DATE OF THE FIRST MALFUNCTION BUT WE HADN'T OWNED THE CAR VERY LONG; IT WAS STILL UNDER WARRANTY. WE HAVE THE SPORTS SEATS WHICH FROM MY READING SEEM TO BE PART OF THE PROBLEM. I WOULD LIKE TO MAKE SURE THAT OUR CAR WAS NOT OVERLOOKED IN THE RECALLS. IT NEVER STAYS FIXED FOR LONG AND I DON'T WANT TO FIND OUT THAT IT SHOULD HAVE BEEN RECALLED WHEN I'M LYING IN A HOSPITAL BED OR WORSE. SEEMS LIKE MORE THAN A COINCIDENCE...,R
2003,12,226,117,0,1,0,0,1- TURNED ON THE DRIVER'S SIDE SEAT HEATER  2- FELT HOT SPOT AND SAW SMOKE COMING FROM LEFT SIDE OF SEAT. A SMALL HOLE WAS BURNED IN LEATHER AND PADDING INSIDE SEAT WAS BLACK. NO FIRE JUST SMOKE.*AK  3- TURN OFF SEAT HEATER PUT WATER ON SMOKING HOLE IN LEATHER SEAT.,R
2002,12,226,117,0,1,0,0,A FIRE STARTED UNDER THE DRIVER SIDE OF THE VEHICLE WHILE DRIVING AT 40 MPH.  VEHICLE WAS TAKEN TO THE DEALER. *AK,R
2002,12,226,117,0,0,0,0,VEHICLE WAS EQUIPPED WITH AN ASR LIGHT AND WHEN DRIVING ON A SMOOTH ROAD THE ASR LIGHT WILL COME ON AND THE VEHICLE WILL  DOWN SHIFT. TOOK  VEHICLE TO THE DEALER AND WAS TOLD THAT AFTER EXAMINING THE VEHICLE THERE WAS NOTHING THEY COULD DO. THEY WERE COMPLETELY BAFFLED CLEARED OUT THE CODES AND REPLACED THE BRAKE LIGHT MODULES BUT WERE UNABLE TO SOLVE THE TRANSMISSION PROBLEM. ALSO HEATED SEATS OVERHEATED. CONSUMER WA S FURIOUS.  *AK,R
2003,12,226,117,0,1,1,0,HEATED SEAT (DRIVER SIDE) OVERHEATED TO THE POINT WHERE IT BURNED THROUGH THE SEAT MATERIAL AND BURNED THE DRIVER OF THE VEHICLE.  SMALL HOLE VISIBLE IN MATERIAL OF SEAT WHERE IT BURNED THROUGH AND SMOKE COULD BE SMELLED.  THIS OCCURED WITHIN 10 MINUTES OF THE SEAT BEING TURNED ON.*AK,R
2002,12,226,117,0,0,0,0,DRIVER'S SEAT HEATER WAS OVERHEATING AND BURNING THROUGH THE SEAT COVER. DEALER WAS CONTACTED.*AK,R
2003,16,565,117,0,1,0,0,WHILE DRIVING  DRIVER'S HEATED  SEAT CAUGHT ON FIRE. MANUFACTURER OFFERED TO REPLACE THE VEHICLE WITH A NEWER MODEL.*AK,R
2003,12,240,117,0,0,0,0,I HAVE A 2003 VOLKSWAGEN PASSAT WITH HEATED LEATHER SEATS.  I TURNED THE SEAT HEATERS ON THIS MORNING WHEN I WAS GOING TO WORK AND THEY STARTED TO BURN MY BACK SIDE.  THEY BURNT THROUIGH THE LEATHER.  THEY DID TURN OFF BUT IF THEY DIDN'T I WOULD HAVE HAD A CAR FIRE.  I CALLED HOBART'S VOLKSWAGEN IN WARRINGTON PA AND THEY SAID THERE WAS NO RECALL ON THESE SEATS.  THEY ARE TAKING THE CAR IN THIS AFTERNOON AND WILL REPAIR IT.  THIS IS A VERY DANGEROUS PROBLEM IF IT IS WIDESPREAD!  SINCERELY  MIKE AND MARTA GROTHMAN  NEWTOWN PA.  *AK,R
2003,12,240,117,0,1,1,0,I WANTED TO NOTE THAT ON OCTOBER 1ST MY HEATED SEAT ON MY 2003 VOLKSWAGENW PASSAT MALFUNCTIONED.  IT ACTUALLY BURNED THROUGH THE SEAT FILLED MY CAR WITH SMOKE AND LEFT ME WITH A SMALL BURN ON MY THIGH.  LUCKILY I AM FINE.  BUT THIS SHOULD NEVER HAVE HAPPENED AND I WAS LUCKY I WASN'T DRIVING DOWN THE HIGHWAY AT A HIGH RATE OF SPEED.   FEEL FREE TO CONTACT ME IF YOU NEED FURTHER INFORMATION.*AK,R
2006,13,704,117,0,1,1,0,TL* THE CONTACT OWNS A 2006 BMW X3. WHILE DRIVING 55 MPH THE PASSENGER SEAT WARMER BECAME EXTREMELY HOT AND BURNED THE PASSENGER'S LEG. THE WIRING BEGAN TO SMOKE AND THE CONTACT OBERVED A SPARK. NO MEDICAL ATTENTION WAS REQUIRED. THE VEHICLE WAS NOT DIAGNOSED OR REPAIRED. THE MANUFACTURER WAS NOTIFIED OF THE FAILURE. THE VIN WAS INVALID. THE FAILURE MILEAGE WAS APPROXIMATELY 115967. ,R
2006,13,704,117,0,0,0,0,I'M FILING THIS COMPLAINT ON BEHALF OF MY WIFE. SHE WAS DRIVING DOWN THE HIGHWAY UTILIZING THE HEATED SEAT FUNCTION OF THE VEHICLE TODAY WHEN SHE SMELLED BURNING AND THE SEAT BECAME DANGEROUSLY HOT. SHE PULLED OVER AND TURNED THE HEATING FUNCTION OFF WHICH TEMPORARILY RESOLVED THE THE PROBLEM. A LITTLE RESEARCH ON THE INTERNET REVEALS THAT THIS IS A COMMON PROBLEM WITH 2006 MODEL BMW X3S. SOME CASES BEING SO SEVERE THAT PEOPLE'S SEATS HAVE BURNED THEM AND EVEN CAUGHT FIRE. THIS IS EXTREMELY DANGEROUS.,R
2007,13,704,117,0,0,0,0,WHILE DRIVING LESS THAN 5 MINUTES WITH DRIVER SEAT HEATER ON SMELLED ELECTRICAL SMELL FELT PAIN IN LEG THEN FELT SHOCK/BURN.  NOT SURE WHICH.  TURNED OFF SEAT HEATER.  ELECTRICAL SMELL COMES AND GOES.  SMALL BURN HOLE IN SEAT.  NOT ABLE TO USE SEAT HEATER ANYMORE.,R
2000,30,279,103,0,0,0,0,NORMAL DRIVING.  ABS UNIT FAILURE.  ABS UNIT NEEDS TO BE REPLACED.  *JB,N
2004,16,498,103,0,0,0,0,WHILE DRIVING 60 MPH  BRAKE SENSOR LIGHT CAME ON. AS A RESULT WHEN CONSUMER ATTEMPTED TO PULL OVER TOTAL BRAKE FAILURE OCCURRED. *AK,N
2001,12,337,103,0,0,0,0,"I PURCHASED NEW A 2001 VW EUROVAN WINNEBAGO CAMPER.  IN 31000 MILES THE VEHICLE IS NOW ON ITS' THIRD SET OF BRAKES.  MY LAST VEHICLE A 1992 MAZDA NAVAJO; I FINALLY REPLACED BRAKES AT APPROXIMATELY 72000 MILES.  MY DRIVING IS NOT AN ISSUE WITH THE VW.  EACH SET OF CAMPER BRAKES COSTS RIGHT AT $1500.00.  VW PICKED-UP THE COST OF BRAKE SET #2 AT 17000 MILES.  AN AWA AS THEY ARE ONLY WARRANTEED FOR 12000 MILES.  RIDICULOUS TO BE SURE.  WE HAVE ABSOLUTELY NO WARNING THAT THE BRAKES ARE GOING OUT"".  ONCE THE WARNING LIGHT COMES ON - YOU MUST REPLACE THE ENTIRE BRAKE SYSTEM NOT JUST PADS.  AT 3 SETS IN 31000 MILES; BRAKES ALONE ARE COSTING $150.00 FOR EVERY 1000 MILES DRIVEN.  ALSO THIS VEHICLE HAS GONE THROUGH ELEVEN TIRES IN THIS SAME TIME FRAME DUE TO INAPPROPRIATE SHOCKS (NOT HEAVY DUTY) AND THE COLLAPSE OF A MAJOR SPRING WHICH SUPPORTS THE CAMPER IN THE REAR OF THE VEHICLE ON THE LEFT SIDE.  I HAVE SPOKEN TO MANY OTHER VW CAMPER OWNERS WITH 2001 MODELS AND THEY ARE EXPERIENCING THE SAME THINGS WITH BRAKES AND TIRES.  VW AND WINNEBAGO DO NOT CARE AND WILL NOT LOWER THE PRICE OF THEIR BRAKE SYSTEMS NOR EVEN PROVIDE THE PART NUMBERS FOR ANY HEAVY DUTY SHOCKS THAT CAN BE PUT ON THIS VEHICLE NOT ABSORB THE COSTS OF THE VERY EXPENSIVE AND UNIQUE TIRE THAT MUST BE PUT ON THIS VEHICLE DUE TO THE LOAD BEARING OF THE CAMPER PORTION.    NO BRAKES SHOULD COST THIS MUCH NO VEHICLE SHOULD GO THROUGH 11 TIRES IN 31000 MILES.  PLEASE HELP.*AK""",N
2003,33,301,103,0,0,0,0,PROBLEMS WITH BRAKE PADS ON 2003 LAND ROVER FREELANDER SE.*MR  THE BRAKE PADS HAD TO BE REPLACED AT 18000 MILES.  THE DEALER'S TECHNICIAN INDICATED THAT THIS WAS COMMON WITH LAND ROVER'S.  *NM,N
2000,12,557,103,0,0,0,0,BOTH  REAR OUTSIDE BRAKE PADS WORE DOWN TO THE METAL BACKING  WHILE ALL OTHER PADS WERE STILL SERVICEABLE.  DEALERSHIP WAS NOTIFIED. *AK,N
2009,12,341,103,0,0,0,0,THE ABS PUMP AND MODULE DIED ON MY '09 VW GTI AT JUST OVER 50000 MILES. WHEN ABS OR TRACTION CONTROL IS CALLED UPON THE SYSTEMS FAIL CAUSING THE CAR TO LOSE CONTROL. IN MY CASE IT HAPPENS EVERY TIME I HIT A SNOWY OR ICY PATCH WHILE DRIVING. ALSO THE ABS ESP AND BRAKING INDICATOR ALL LIGHT UP ON THE DASHBOARD WITH THE BRAKING LIGHT FLASHING AND DINGING. ALL MAINTENANCE WAS CURRENT ON MY CAR. I WAS NOT DRIVING EXCESSIVELY WHEN THESE INCIDENTS OCCURRED. VW WANTS OVER $2100 TO FIX THE ISSUE. VOLKSWAGEN OF AMERICA DENIES THERE ARE ANY PROBLEMS WITH THE '09 GTI ABS SYSTEM DESPITE NUMEROUS REPORTS ACROSS THE INTERNET AND HAS REFUSED MY REQUEST FOR FINANCIAL ASSISTANCE TO CORRECT A PROBLEM THEY SAY MAKES THE CAR UNSAFE TO OPERATE.,N
2000,12,226,103,0,0,0,0,WHEN ATTEMPTING TO STOP THE BRAKES FAILED COMPLETELY.  NO IMPACT REPORTED.  *AK,N
2001,12,226,103,0,0,0,0,TL* THE CONTACT OWNS A 2001 VOLKSWAGEN JETTA. WHILE DRIVING VARIOUS SPEEDS THE BRAKES SEIZED. THE VEHICLE WAS TOWED TO THE DEALER WHERE IT WAS DIAGNOSED THAT THE ABS MODULE FAILED AND NEEDED TO BE REPLACED. THE VEHICLE WAS NOT REPAIRED. THE MANUFACTURER WAS MADE AWARE OF THE FAILURE. THE FAILURE MILEAGE WAS 160000. ,N
2000,30,540,103,0,0,0,0,OUT OF THE BLUE WITH 64000 MILES ON THE CAR THE ABS WARNING LIGHT AND BRAKE WARNING LIGHT COME ON FOLLOWED BY 3 LOUD BEEPS. WHEN THE BEEPS STOP THE ABS WARNING LIGHT STAYS ON THE BRAKE WARNING LIGHT BLINKS CONTINUALLY. SINCE THE FIRST INCIDENT THIS NOW HAPPENS EVERY TIME I DRIVE THE CAR. SOMETIMES THE LIGHTS WILL GO OUT AND STAY OUT FOR 5-10 MINUTES FOR THE WHOLE THING TO START OVER AGAIN.    WHEN THESE LIGHTS ARE ON THE ABS DOES NOT WORK. I HAD A PANIC STOP TO AVOID A DEER AND THE REAR WHEELS LOCKED UP. THE CAR SKIDDED BUT I DID NOT CRASH.    DEALER SAYS THAT THE ABS CONTROLLER COMPUTER MUST BE REPLACED AT A COST OF $1300. THIS IS APPARENTLY VERY COMMON ON 2000 S4 AND A4 AUDI'S. I CONTACTED AUDI OF AMERICA THEY REFUSE TO FIX THE PROBLEM DENYING THAT IT IS A SAFEY ISSUE AND SAYING THAT THE CAR IS OUT OF WARRANTY.,N
2000,30,540,103,0,0,0,0,ABS CONTROLLER ON A 2000 AUDI S4 FAILED AFTER 58K MILES.  THE BRAKE FLUID PUMP AND ABS CONTROLLER UNIT ARE ALL IN ONE AND THE COST FOR REPAIRS IS ABOUT $1700.  IT IS MY BELIEF THAT THIS UNIT SHOULD NOT FAIL AFTER SUCH LOW MILEAGE.  THE CAR IS UNDER FULL WARRANTY UP TO 50K MILES OR 4 YEARS WHICHEVER COMES FIRST BUT THESE UNITS ARE KNOWN TO FAIL WITHIN THE FIRST 60K MILES AND IN OTHER VEHICLES THEY LAST MUCH LONGER.,N
2000,30,540,103,0,0,0,0,IT SEEMS THAT THERE IS A MANUFACTURING DEFECT AMONG B5 PLATFORM AUDI A4 VEHICLES WHERE EITHER THE ABS CONTROLLER IS APT TO FAIL PREMATURELY OR THE CONNECTION BETWEEN THE CONTROLLER AND THE INSTRUMENT CLUSTER FAILS.  DUE TO THE HIGH FREQUENCY OF FAILURES IT SEEMS HIGHLY UNLIKELY THAT THE ABS CONTROLLER IS AT FAULT AND PRONE TO SUCH A HIGH FAILURE RATE. WIRING TO THE INSTRUMENT CLUSTER SEEM TO BE THE MORE LIKELY CAUSE YET DEALERS ALMOST EXCLUSIVELY DECIDE TO POINT TO THE CONTROLLER WHICH COSTS UPWARDS OF $1200.  THIS CONDITION IS UNDOUBTEDLY RISKY AND DANGEROUS. A MALFUNCTIONING ABS CONTROLLER CAN CAUSE THE REAR WHEELS OF THE VEHICLE TO LOCK UP UNDER HARD BRAKING EVEN WHEN RELEASING THE BRAKE.   *JB,N
2000,30,540,103,0,0,0,0,FAILURE OF ABS?ECU CONTROL MODULE...NO ABS BRAKESPOSSIBLE LOSS OF CONTROL OF VEHICLE.   CAR HAS ONLY 50000 MILES.  *AK,N
2005,38,423,103,0,0,0,0,TL* THE CONTACT OWNS A 2005 JAGUAR S-TYPE. WHILE DRIVING APPROXIMATELY 15 MPH THE VEHICLE DECELERATED AND THE WHEELS SEIZED. THE FAILURE RECURRED TWICE. THE VEHICLE WAS TAKEN TO AN INDEPENDENT MECHANIC ON THREE SEPARATE OCCASIONS WHO STATED THAT THE PARKING BRAKE MODULE WOULD NEED TO BE REPLACED. THE MECHANIC DISABLED THE PARKING BRAKE MODULE FOR THE MOST RECENT FAILURE. THE VIN WAS NOT INCLUDED IN NHTSA CAMPAIGN NUMBER: 04V488000 (PARKING BRAKE). THE MANUFACTURER WAS NOTIFIED OF THE FAILURE. THE APPROXIMATE FAILURE MILEAGE WAS 64000.,R
2002,38,614,103,0,0,0,0,BRAKES CONTINUALLY SCREECH AND GRIND DESPITE 70% OF BRAKE PAD REMAINING//FAILURE NOT CORRECTED.  *AK,N
2015,30,735,115,0,0,0,0,"I BOUGHT A BRAND NEW AUDI A3 2.0T 2015 JULY 2014. RECENTLY WHILE DRIVING TO A SLUSHY SNOW THE SYSTEM CAME UP WITH MULTIPLE ERROR. ON 1/12/2016 I WAS DRIVING THROUGH THE SLUSHY SNOW AND 3 ISSUES CAME UP. STABILIZATION CONTROL TPMS ERROR AND ABS ERROR THE STABILIZATION CONTROL IS THE MAIN ISSUE. I WAS SERVING LEFT AND RIGHT WITH LIGHT TAP ON THE GAS WITH THE CAR. LUCKILY I WAS IN THE LOCAL ROAD AND NOT IN THE HIGH WAY WHEN ISSUES OCCURRED. I TOOK IT TO THE DEALERSHIP SAME DAY THE FOLLOWING DAY I WAS NOTIFIED THAT IT WAS FIXED"". I GOT INTO THE DEALERSHIP AND TURNED ON THE CAR ALL THE LIGHTS CAME BACK ON. ISSUE WAS DUE TO A ""FUSE"" SHORTING. NOW I'M WAITING FOR A ""CLUTCH PUMP"" ALL THE WAY FROM GERMANY EXPECTED 5-15 DAYS.""",N
2014,30,415,115,0,0,0,0,"OVER THE COURSE OF THE LAST 3-MONTH TO CURRENT. SOMETIME THE STEERING WHEEL BECOMES LOOSE WHILE DRIVING (EASILY MOVES NO RESPONSE) LIKE IT IS UN-AWARE OF WHERE THE FRONT TIRES ARE OR THE STEERING DISENGAGES WITH THE CAR THEN IT CATCHES AND TURNS INTO THE LANE AND REALIZES THE POSITION OF THE STEERING WHEEL. I BELIEVE THIS IS CALLED NOTCHY."" ON-GOING FROM DAY TO DAY.""",N
2006,16,583,115,0,0,0,0,"MY FIRST INCIDENCE WAS DRIVING AND THE STEERING WOULD ALL OF A SUDDEN GET STIFF LIKE IT NEEDED POWER STEERING FLUID OR SOMETHING.  CHECK IT WASN'T THE FLUID (THIS HAPPENED A FEW MONTH AGO I THOUGHT HMMM PROBABLY JUST SOMETHING FREAKY)  THEN 1/8/16 RIDING DOWN THE BUSY INTERSTATE HIGHWAY THE CAR ACCELERATION JUST LEFT. I PRESSED THE ACCELERATOR TO THE FLOOR BUT NO SPEED. IT WAS EXTREMELY SCARY. I HAD THE CAR CHECKED OUT...IT'S THE CLASSIC PROBLEM I NEVER HEARD OF UNTIL TODAY. ( INTAKE MANIFOLD TUMBLE FLAP) SOME PLASTIC JUNK ON AN EXPENSIVE CAR. IF I WANTED A JUNK CAR I WOULD'VE WENT TO THE  JUNK YARD"" PAID LIKE 250. AND BE DONE WITH IT. I'M VERY DISAPPOINTED AND ANGRY. I'M GLAD MY KIDS WASN'T IN THE CAR AND IT WASN'T A HORRIFIC OUTCOME. NOW I CAN'T DO ANYTHING WITH THE CAR RIGHT NOW BECAUSE IT'S EXPENSIVE TO REPAIR FOR SUCH A CHEAP PIECE THAT SHOULDN'T HAVE NEVER BEEN ON IT AND BECAUSE #1 I'M ON A FIXED INCOME #2 I STILL HAVE TO PAY FOR IT. BUT WHAT DOES MB CARE ABOUT THAT....ITS JUST A PRODUCT TO THEM A MONEY MAKER.""",N
2003,16,601,115,0,0,0,0,WHILE DRIVING THE STEERING WHEEL STARTED SHAKING UNCONTROLLABLY.  THE CONSUMER WAS ABLE TO MAINTAIN CONTROL OF THE VEHICLE AND DROVE IT TO THE DEALER FOR INSPECTION. THE MECHANIC INFORMED THE CONSUMER THAT THE STEERING RACK  PINION SHAFT NEEDED REPLACEMENT.  THE CONSUMER INFORMED THE MECHANIC THAT THE THIS PROBLEM HAS OCCURRED MORE THAN ONCE AND HAS NOT BEEN RESOLVED.  PLEASE FILL IN ADDITIONAL INFORMATION.  *JB,N
2000,16,565,115,0,1,0,0,RE: INVESTIGATION PE 03-006.  2000 MERCEDES ML320.IN [XXX] VEHICLE ENGINE COMPARTMENT FIRE.  VEHICLE WAS PARKED IN DRIVEWAY 8 HOURS BEFORE FIRE WAS SPOTTED AT APPROX 4:00 A.M. VEHICLE WAS ALWAYS SERVICED MY SCHUMACHER MERCEDES OF SCOTTSDALE ARIZONA. LAST SERVICE WAS APPROX SEP 10 2004. I DO NOT KNOW IF REPAIR TO POWER STEERING HOSE ASSEMBLY WAS EVER PERFORMED.  HAD THE VEHICLE BEEN PARKED IN OUR GARAGE THERE WOULD HAVE BEEN POSSIBLE INJURIES OR DEATHS. I AM EXTREMELY UPSET. VEHICLE WAS PARKED NOSE UP ON AN INCLINE. INSURANCE COMPANY HAS BEEN NOTIFIED  BUT I HAVE NOT CONTACTED MERCEDES PENDING YOUR ADVICE.*AK UPDATED 07/25/2012  *JS    INFORMATION REDACTED PURSUANT TO THE FREEDOM OF INFORMATION ACT (FOIA) 5 U.S.C. 552(B)(6),R
2002,16,565,115,0,0,0,0,TL* THE CONTACT OWNS A 2002 MERCEDES-BENZ ML320. AFTER THE VEHICLE WAS STARTED THE CONTACT HEARD AN ABNORMAL SOUND UNDER THE HOOD OF THE VEHICLE. THE CONTACT OPENED THE HOOD AND DISCOVERED THAT THE POWER STEERING HOSE WAS FRACTURED AND FLUID WAS LEAKING. THE VEHICLE WAS NOT DIAGNOSED OR REPAIRED. THE CONTACT MENTIONED THAT THE VEHICLE WAS PREVIOUSLY REPAIRED UNDER MANUFACTURER SAFETY CAMPAIGN NUMBER: 2003-040005. THE MANUFACTURER WAS NOTIFIED OF THE FAILURE. THE FAILURE MILEAGE WAS 154000.,R
2006,12,240,115,0,0,0,0,MY VOLKSWAGEN PASSAT HAS A STEERING WHEEL LOCK WARNING LIGHT COME ON.. MANUAL SAYS THE STEERING COULD BE COMPROMISED... VOLKSWAGEN OF AMERICA DID WANT ACKNOWLEDGE THE FACT THAT MANY CARS HAD THIS PROBLEM ALL OVER THE WORLD.. THE PROBLEM WAS EVENTUALLY FIXED. NOW LESS THAN 10000 LATER I HAVE THE PROBLEM AGAIN. THIS IS A KNOWN ISSUE THAT VW DOESN'T NOT WANT TO ACKNOWLEDGE OR TAKE CARE OF. THERE SHOULD BE A SAFETY RECALL DONE ON THIS MATTER AS IT COULD BE VERY DANGEROUS. IN MY CASE NOT ONLY DID IT AFFECT THE STEERING BUT IT ALSO WOULD NOT LET ME START THE CAR AT ALL. THE PROBLEM WAS INTERMITTENT AT FIRST BUT GOT PROGRESSIVELY WORST. IT GOT TO WHERE I COULD NOT START THE CAR AT ALL.,N
2000,13,858,106,0,0,0,0,REAR DRIVER'S SIDE SUBFRAME MOUNT POINT FAILURE.  THE CAR HAS GONE THROUGH CLASS ACTION SUIT IN 2009 AND WAS INSPECTED BY DEALER IN 2010.  BUT IT FAILED ANYWAY.  I WAS DRIVING ABOUT 20MPH ON CITY STREETS GOING STRAIGHT ACCELERATING FROM A STOP BUT SHIFTING GEARS FROM 2ND TO 3RD (IT'S A MANUAL TRANSMISSION) WHEN A LOUD EXPLOSIVE BANG WAS HEARD FROM THE REAR WITH AN ALARMING JOLT.  INSPECTION OF UNDERCARRIAGE REVEALED THAT THE FLOOR PAN WHERE THE REAR DRIVER SIDE SUBFRAME MOUNT ATTACHES TO HAS COMPLETELY SHATTERED LEAVING THAT SIDE OF THE REAR AXLE FLOATING.  I HAVE BEEN ADVISED BY TWO INDEPENDENT MECHANICS THAT THIS IS A DANGEROUS FAILURE AND I SHOULD NOT BE DRIVING THE CAR.  I DO NOT RACE THIS CAR IT HAS NO RUST IN THE UNDERCARRIAGE AND HAS NEVER EXPERIENCED SNOW.  MECHANICS BELIEVE THIS IS A VERY DANGEROUS FAILURE AND WAS SHOCKED THE CAR WAS NEVER FORMALLY RECALLED FOR SAFETY. HUNDREDS OF CARS ARE AFFECTED AND THIS IS JUST ONE GLIMPSE OF THE EXTENT OF THE FAILURES:  HTTP://FORUM.E46FANATICS.COM/SHOWPOST.PHP?P=16850066&POSTCOUNT=1473,R
2000,13,858,106,0,0,0,0,REAR DRIVER'S SIDE SUBFRAME MOUNT POINT FAILURE. THE CAR HAS GONE THROUGH CLASS ACTION SUIT IN 2009 AND WAS INSPECTED BY BMW IN 2010--WAS TOLD EVERYTHING IS OK AND IT WILL NOT FAIL SINCE ONLY ONES WITH VISIBLE DEFECT WILL FAIL. BUT MINE FAILED ANYWAY 5 YEARS LATER. THIS SHOWS EVEN IF THE DAMAGE/DEFECT IS NOT VISIBLE IT CAN MANIFEST ITSELF AT ANY TIME. I WAS DRIVING ABOUT 20MPH ON CITY STREETS GOING STRAIGHT ACCELERATING FROM A STOP SHIFTING GEARS FROM 2ND TO 3RD WHEN A LOUD EXPLOSIVE BANG WAS HEARD FROM THE REAR WITH AN ALARMING JOLT THAT TRIGGERED AN INTERIAL LOCK ON SEATBELTS MADE ALL OCCUPANTS SCREAM IN SHOCK AND CHILDREN CRYING.  INSPECTION OF UNDERCARRIAGE REVEALED THAT THE FLOOR PAN WHERE THE REAR DRIVER SIDE SUBFRAME  ATTACHES TO HAS COMPLETELY SHATTERED LEAVING DRIVER SIDE OF THE SUBFRAME DIFFERENTIAL AND REAR AXLE FLOATING WITH CHUNKS OF SHEETMETAL FROM MOUNT POINT MISSING. I HAVE BEEN ADVISED BY TWO INDEPENDENT MECHANICS THAT THIS IS A DANGEROUS FAILURE AND I SHOULD NOT BE DRIVING THE CAR AND THE ONLY REASON OF FAILURE IS DEFECT IN THE CAR.  MECHANICS BELIEVE THIS FAILURE POSES SERIOUS SAFETY HAZARD SAYING IT CAN EASILY SEPARATE THE REAR AXLE AND IF THIS HAPPENS WHILE DRIVING THE SEPARATED REAR AXLE WILL PULL ON THE EMERGENCY BRAKE CABLE AND LOCK IT UP IMMEDIATELY STOPPING THE CAR.  IF THIS HAPPENS ON A FREEWAY IT CAN CAUSE CATASTROPHIC COLLISION INCIDENT ENDANGERING LIVES.  THEY WERE SHOCKED THE CAR WAS NEVER FORMALLY RECALLED FOR SAFETY. HUNDREDS OF CARS ARE AFFECTED AND THIS IS JUST ONE GLIMPSE OF THE EXTENT OF THE FAILURES: HTTP://FORUM.E46FANATICS.COM/SHOWPOST.PHP?P=16850066&POSTCOUNT=1473    IT IS APPALLING THAT SUCH DANGEROUS DEFECT THAT IS SO WELL-KNOWN AND PREVALENT IN 1999-2000 BMW 3 SERIES HAS NEVER BEEN RECALLED TO MAKE BMW ACCOUNTABLE.  REPAIR ESTIMATE MIN. $5000,R
2013,12,226,106,0,0,0,0,TL* THE CONTACT OWNS A 2013 VOLKSWAGEN JETTA. WHILE TURNING RIGHT INTO THE DRIVEWAY AT 5 MPH THE FRONT DRIVER SIDE BUMPER SHATTERED. THE FAILURE OCCURRED DURING SNOWY INCLEMENT WEATHER AND THERE WAS NO PRESSURE DUE TO THE SNOW ON THE BUMPER. THE VEHICLE WAS NOT DIAGNOSED OR REPAIRED. THE MANUFACTURER WAS NOTIFIED OF THE FAILURE. THE APPROXIMATE FAILURE MILEAGE WAS 55000. ,N
2001,12,240,106,0,0,0,0,LOWER RIGHT SIDE NEAR THE VENT CONTROL OF DASHBOARD RATTLES AND MAKES A CLICKING NOISE WHEN ON UNEVEN ROADS.  HAS BEEN DOING THIS SINCE I BOUGHT IT BUT IT HAS GOTTEN WORSE WITH TIME.  VEHICLE HAS LESS THAN 15000 MILES ON IT.  TOOK IT TO THE VW SERVICE DEPARTMENT AND WAS TOLD THAT THE NOISE WAS JUST THE LEATHER RUBBING; HOWEVER WHEN THEY APPLIED FELT TAPE TO THE AREA THE NOISE WAS STILL PRESENT.  ASKED IF IT WAS A PROBLEM WITH HOW THE DASHBOARD WAS MOUNTED POSSIBLY A FAULTY CLIP AND THE SERVICE ADVISOR WAS QUITE RUDE SAYING THERE WAS NO PROBLEM EVEN THOUGH HE HEARD THE NOISE DURING TEST DRIVE.  I READ ON SOME VW MESSAGE BOARDS THAT THERE IS AN UPDATED CLIP KIT FOR THE PASSAT BECAUSE SO MANY VW/PASSAT DRIVERS HAVE HAD THE SAME TYPE OF PROBLEMS.  IS THIS TRUE?  *AK,N
2004,12,240,106,0,0,0,0,DISTANCE BETWEEN THE FOOT REST  AND CLUTCH ARE DESIGNED POORLY. WHEN TRANSFERRING FEET FROM ONE PEDAL TO ANOTHER CONSUMER'S FOOT WILL GET STUCK BETWEEN THE PEDALS.  DEALERSHIP HAS BEEN NOTIFIED. *AK  THERE IS A GAP BETWEEN THE CLUTCH PEDAL AND THE FOOTREST TO THE LEFT OF THE CLUTCH PEDAL.  CONSUMER'S FOOT HAS GOTTEN CAUGHT ON SEVREAL OCCASIONS.  DEALERSHIP REMOVED FOOTREST.     *TT,N
2013,12,240,106,0,0,0,0,DRIVER SIDE DOOR SEALS ALLOWS WATER TO ENTER DOOR AND ONTO LATCH WHICH CAUSING THE LATCHING MECHANISM TO FREEZE SHUT. THE FREEZING OF THE DOOR INHIBITS THE DRIVER FROM BEING ABLE TO EXIT THE CAR IN AN EMERGENCY OF CAR TRAVELS FROM A WET ENVIRONMENT TO BELOW FREEZING ENVIRONMENT. THIS HAS HAPPENED TWO TIMES IN THE PAST 2 MONTHS WHERE TEMPERATURES WERE IN THE UPPER 30'S THEN FELL BELOW FREEZING. ONCE WHEN THE CAR WAS IN MOTION ALSO. WHEN THE CAR IS STATIONARY ONE HAS TO ENTER THE CAR FROM THE PASSENGER SIDE IF THE DOOR UNLOCKS AND OPENS TO ENTER AND EXIT THE CAR. ON ONCE OCCASION I WAS ABLE TO FORCE OPEN THE DOOR BY PULLING THE INSIDE HANDLE AND SHOVING UP AGAINST IT. IT IS KNOWN AND SHARED ON THE VW FORUMS THAT IF YOU PULL THE HANDLE TOO HARD IT WILL STRETCH A CABLE WHICH MAY RENDER THE DOOR UNABLE TO SHUT OR NOT PROPERLY LATCH. VW IS AWARE OF THIS AS THEY HAVE A TECHNICAL SERVICE BULLETIN TSB #TT-57-14-01 FOR IT HOWEVER THIS SHOULD BE A SAFETY ISSUE AS IT CAN STOP THE DRIVER FROM EXITING THE CAR IN AN EMERGENCY.,N
2012,12,240,106,0,0,0,0,THE PASSENGER SIDE FRONT DOOR LATCH FAILS WHILE I'M DRIVING THE CAR. THE DOOR HAS OPENED ON ITS OWN NUMEROUS TIMES AS I AM DRIVING THE CAR AT SPEED. THE LATCH FAILS AT REST WHILE THE CAR IS ON OR OFF AND AS THE CAR IS MOVING DOWN THE ROAD. THE DOOR QUITE LITERALLY FLIES OPEN WHILE THE CAR IS IN MOTION AND WILL NOT LATCH UNLESS THE CAR IS SHUT OFF AND RESTARTED SEVERAL TIMES.,R
2006,13,435,106,0,0,0,0,DRIVING ON THE HIGHWAY ABOUT 50 MPH NO VEHICLES NEAR US NO TREES NOT EVEN A BRIDGE AROUND US AND WE HEARD LOUD GUNSHOT-TYPE EXPLOSION AND THE SMALL WINDOW TO THE PANORAMIC SUNROOF JUST EXPLODED. THERE WAS NOT AN IMPACT OF ANY KIND FROM THE OUTSIDE. THE GLASS IS BROKE FROM THE INSIDE WITH NO PUNCTURE WHATSOEVER. GLASS IS NOW FALLING AND ALSO BLOWING OFF THE CAR. THE COVER SHADE IS CURRENTLY KEEPING IT FROM COMING IN THE CAR BUT NOT FOR LONG.,N
2003,16,639,104,1,0,0,0,WHILE DRIVING THE LOWER BALL JOINTS ON THE PASSENGER SIDE  SNAPPED IN HALF CAUSING A COLLISION. CONSUMER COMPLAINED TO THE DEALER THAT THE FRONT END  FELT LOOSE WHILE DRIVING. VEHICLE WAS TAKEN TO THE DEALERSHIP THREE TIMES. THERE WERE NO INJURIES.*AK,N
2000,13,858,104,0,0,0,0,REAR DRIVER'S SIDE SUBFRAME MOUNT POINT FAILURE. THE CAR HAS GONE THROUGH CLASS ACTION SUIT IN 2009 AND WAS INSPECTED BY BMW IN 2010--WAS TOLD EVERYTHING IS OK AND IT WILL NOT FAIL SINCE ONLY ONES WITH VISIBLE DEFECT WILL FAIL. BUT MINE FAILED ANYWAY 5 YEARS LATER. THIS SHOWS EVEN IF THE DAMAGE/DEFECT IS NOT VISIBLE IT CAN MANIFEST ITSELF AT ANY TIME. I WAS DRIVING ABOUT 20MPH ON CITY STREETS GOING STRAIGHT ACCELERATING FROM A STOP SHIFTING GEARS FROM 2ND TO 3RD WHEN A LOUD EXPLOSIVE BANG WAS HEARD FROM THE REAR WITH AN ALARMING JOLT THAT TRIGGERED AN INTERIAL LOCK ON SEATBELTS MADE ALL OCCUPANTS SCREAM IN SHOCK AND CHILDREN CRYING.  INSPECTION OF UNDERCARRIAGE REVEALED THAT THE FLOOR PAN WHERE THE REAR DRIVER SIDE SUBFRAME  ATTACHES TO HAS COMPLETELY SHATTERED LEAVING DRIVER SIDE OF THE SUBFRAME DIFFERENTIAL AND REAR AXLE FLOATING WITH CHUNKS OF SHEETMETAL FROM MOUNT POINT MISSING. I HAVE BEEN ADVISED BY TWO INDEPENDENT MECHANICS THAT THIS IS A DANGEROUS FAILURE AND I SHOULD NOT BE DRIVING THE CAR AND THE ONLY REASON OF FAILURE IS DEFECT IN THE CAR.  MECHANICS BELIEVE THIS FAILURE POSES SERIOUS SAFETY HAZARD SAYING IT CAN EASILY SEPARATE THE REAR AXLE AND IF THIS HAPPENS WHILE DRIVING THE SEPARATED REAR AXLE WILL PULL ON THE EMERGENCY BRAKE CABLE AND LOCK IT UP IMMEDIATELY STOPPING THE CAR.  IF THIS HAPPENS ON A FREEWAY IT CAN CAUSE CATASTROPHIC COLLISION INCIDENT ENDANGERING LIVES.  THEY WERE SHOCKED THE CAR WAS NEVER FORMALLY RECALLED FOR SAFETY. HUNDREDS OF CARS ARE AFFECTED AND THIS IS JUST ONE GLIMPSE OF THE EXTENT OF THE FAILURES: HTTP://FORUM.E46FANATICS.COM/SHOWPOST.PHP?P=16850066&POSTCOUNT=1473    IT IS APPALLING THAT SUCH DANGEROUS DEFECT THAT IS SO WELL-KNOWN AND PREVALENT IN 1999-2000 BMW 3 SERIES HAS NEVER BEEN RECALLED TO MAKE BMW ACCOUNTABLE.  REPAIR ESTIMATE MIN. $5000,R
2002,13,595,104,0,0,0,0,PROBLEMS WITH LEFT REAR WHEEL BEARING AND WINDOW OPERATING MECHANISM.   *MR   THE A/C WAS NOT COOL ENOUGH IN HOT WEATHER AND THE WIPERS WOULD STREAK THE WINDOWS.   *SC  *JB,N
2000,30,279,104,0,0,0,0,THE VEHICLE WAS TAKEN TO THE DEALER FOR A ROUTINE INSPECTION.  THE MECHANIC INFORMED THE CONSUMER THAT THE UPPER BALL JOINTS NEEDED TO BE REPLACED DUE TO WORN OUT PARTS.   PLEASE PROVIDE FURTHER DETAILS.    *JB,N
2001,16,523,113,0,0,0,0,"WHEN I WENT TO PICK MY BABY SITTER LAST NIGHT AROUND 8.30 PM I HAD A FLAT TIRE ON THE REAR WHEEL OF MY 2001 MERCEDES BENZ C320.  I REPLACED THE FLAT TIRE WITH THE SPARE TIRE. AFTER I REPLACED SPARE TIRE THE CAR WOULD NOT MOVE.*AK  I CALLED MERCEDES ROAD SIDE ASSISTANCE WHERE I LEARNED FOR THE FIRST TIME ABOUT THE SPECIAL"" NUTS. LET ME EMPHASIZE THAT THE NUTS WERE NOT WITH THE REST OF THE SPARE TIRE REPAIR KIT.  NO WARNING OR ANY OTHER PRECAUTION (I.E. MAKING IT IMPOSSIBLE TO USE THE ORIGINAL NUTS ON THE SPARE TIRE) TAKEN TO INSURE THAT SOMEONE WHO IS NOT A CERTIFIED MERCEDES MECHANIC COULD PERFORM THE SIMPLE TASK OF CHANGING A FLAT TIRE WITHOUT CAUSING SERIOUS DAMAGE TO VERY EXPENSIVE CAR PARTS.  I AM NOW TOLD IT WILL COST $1300 TO REPAIR THE DAMAGE DONE BY THE SIMPLE INSTALLATION OF A SPARE TIRE. THAT'S ON TOP OF THE $100 THEY ARE CHARGING ME TO TOW THE CAR TO THE DEALERSHIP.  RIDICULOUS!!!! WHEN I COMPLAINED ABOUT THE ABSURD CONCEPT APPARENTLY CREATED FOR THE C320 I WAS TOLD I WAS NOT THE FIRST PERSON TO MAKE THIS MISTAKE. THAT LEADS ME TO BELIEVE THAT MERCEDES IS WELL AWARE OF THIS AND THEY SHOULD HAVE RECALLED ALL THEIR MODELS WHICH HAVE THE SPECIAL NUTS AND ADD ADDITIONAL INFORMATION TO HE SPARE TIRE COVER. I SPOKE WITH A MERCEDES BENZ CUSTOMER SERVICE REP WHO WAS REAL NASTY AND TOLD ME I SHOULD HAVE READ THE MANUAL BEFORE CHANGING THE TIRE. WHO WOULD READ A MANUAL TO CHANGE A TIRE AT 8.30 PM? THERE  HAS TO BE A BETTER WAY TO INFORM THEIR CUSTOMERS. HOW CAN YOU READ THE MANUAL WHEN YOU ARE STRUCK IN THE DARK WITHOUT ANY LIGHTS?  I HOPE THIS WILL BE CORRECTED SO THAT INNOCENT VICTIMS LIKE ME WILL NOT BE PUNISHED FOR A POOR MERCEDES BENZ DESIGN.   PLEASE TAKE NECESSARY ACTION TO PROTECT CONSUMERS.     THIS IS A SIMILAR COMPLAIN POSTED BY A USER.  HTTP://WWW.CONSUMERAFFAIRS.COM/AUTOMOTIVE/MERCEDES_C240.HTML      """,N
2004,30,415,113,0,0,0,0,PIRELLI TIRE P235/45R17 DOT XBCUC23640. TIRES ARE EXPERIENCING SIDEWALL BUBBLES.,N
2001,12,337,113,0,0,0,0,"I PURCHASED NEW A 2001 VW EUROVAN WINNEBAGO CAMPER.  IN 31000 MILES THE VEHICLE IS NOW ON ITS' THIRD SET OF BRAKES.  MY LAST VEHICLE A 1992 MAZDA NAVAJO; I FINALLY REPLACED BRAKES AT APPROXIMATELY 72000 MILES.  MY DRIVING IS NOT AN ISSUE WITH THE VW.  EACH SET OF CAMPER BRAKES COSTS RIGHT AT $1500.00.  VW PICKED-UP THE COST OF BRAKE SET #2 AT 17000 MILES.  AN AWA AS THEY ARE ONLY WARRANTEED FOR 12000 MILES.  RIDICULOUS TO BE SURE.  WE HAVE ABSOLUTELY NO WARNING THAT THE BRAKES ARE GOING OUT"".  ONCE THE WARNING LIGHT COMES ON - YOU MUST REPLACE THE ENTIRE BRAKE SYSTEM NOT JUST PADS.  AT 3 SETS IN 31000 MILES; BRAKES ALONE ARE COSTING $150.00 FOR EVERY 1000 MILES DRIVEN.  ALSO THIS VEHICLE HAS GONE THROUGH ELEVEN TIRES IN THIS SAME TIME FRAME DUE TO INAPPROPRIATE SHOCKS (NOT HEAVY DUTY) AND THE COLLAPSE OF A MAJOR SPRING WHICH SUPPORTS THE CAMPER IN THE REAR OF THE VEHICLE ON THE LEFT SIDE.  I HAVE SPOKEN TO MANY OTHER VW CAMPER OWNERS WITH 2001 MODELS AND THEY ARE EXPERIENCING THE SAME THINGS WITH BRAKES AND TIRES.  VW AND WINNEBAGO DO NOT CARE AND WILL NOT LOWER THE PRICE OF THEIR BRAKE SYSTEMS NOR EVEN PROVIDE THE PART NUMBERS FOR ANY HEAVY DUTY SHOCKS THAT CAN BE PUT ON THIS VEHICLE NOT ABSORB THE COSTS OF THE VERY EXPENSIVE AND UNIQUE TIRE THAT MUST BE PUT ON THIS VEHICLE DUE TO THE LOAD BEARING OF THE CAMPER PORTION.    NO BRAKES SHOULD COST THIS MUCH NO VEHICLE SHOULD GO THROUGH 11 TIRES IN 31000 MILES.  PLEASE HELP.*AK""",N
2002,38,396,113,0,0,0,0,VARIOUS PROBLEMS WITH CONTINENTAL TIRE EQUIPMENT ON 2002 X TYPE JAGUAR.   *MR   THE CONSUMER EXPERIENCED ERRATIC VIBRATION AND SHAKING OF THE STEERING COLUMN.  THE DIAGNOSIS WAS THAT THE BELT SEPARATION OCCURRED WHICH RESULTED IN BLOWOUT.   *SC    *JB,N
2015,16,2175,118,0,0,0,0,"COLLISION PREVENTION ASSISTANCE FEATURE WENT ON AUTOMATICALLY ( AS WELL AS CHECK-ENGINE LIGHT) WHILE DRIVING AT HIGHWAY SPEED IN NORMAL WEATHER. I WAS NOT IN AN ACCIDENT NEAR ANOTHER VEHICLE AND COMPLETELY AWARE AND DRIVING NORMALLY PRIOR TO THIS OCCURRING. I HAD TO STRUGGLE WITH CAR TO PULL OVER TO SHOULDER LOSS POWER FROM GAS PEDAL CAR HARD TO CONTROL. I HAD TO TURN OFF THE CAR DEACTIVATE THE FUNCTION TO DRIVE. IT HAPPENED AGAIN WHEN I DROVE THE CAR LATER THAT DAY AFTER THE CAR HAD BEEN PARKED FOR A WHILE.  TOOK IT INTO SERVICE. THEY WERE ABLE TO FIND THE ERROR CODE.THEY FOUND THAT MERCEDES SENT OUT A MEMO IN SEPT. 2015 STATING THEY ARE AWARE OF THE PROBLEM BUT SERVICE IS NOT TO DO ANYTHING TO FIX"" IT!  I HAVE ONLY OWNED THIS CAR FOR 6 WEEKS BOUGHT IT NEW AND HAVE LESS THAN 6000 MILES ON IT. MERCEDES IS NOT OFFERING A SOLUTION BUT MORE OF A WAIT AND SEE ATTITUDE.""",N
2003,12,337,118,0,0,0,0,THE COVER OF THE COMPONENTS UNDERNEATH THE STEERING WHEEL FELL OFF WHILE DRIVING ON A HIGHWAY. IT LANDED RIGHT ON TOP OF THE BRAKE PEDAL AND GAS PEDAL. AT FIRST I DIDN'T REALIZE WHAT HAPPENED I JUST BECAME AWARE THAT SOMETHING WAS BLOCKING MY FOOT FROM REACHING THE BRAKE PEDAL. FORTUNATELY THIS DID NOT RESULT IN AN ACCIDENT THANKS TO A FRONT SEAT PASSENGER WHO WAS ABLE TO LOOK DOWN AT MY FEET TO SEE WHAT THE PROBLEM WAS AND PULL THE COVER AWAY. BUT IF IT HAD HAPPENED AT A TIME WHEN I NEEDED IMMEDIATE BRAKE ACCESS I WOULDN'T HAVE BEEN ABLE TO STOP. PLEASE SEE PHOTO OF THE COVER. THIS PHOTO WAS TAKEN AFTER I WAS ABLE TO STOP. THE COVER IS SITTING ON A SEAT; IT IS NOT IN ITS NORMAL INSTALLED OPSITION.,N
2013,16,2658,118,0,0,0,0,PANORAMIC SUNROOF EXPLOSION. DRIVING ON A CITY STREET AT 45 MPH WHEN SUDDENLY THE CLOSED SUNROOF SHATTERED. NO FOREIGN OBJECTS OR CONTACT OCCURRED. IT WAS SPONTANEOUS EXPLOSION.,N
2011,12,226,118,0,0,0,0,IM EXPERIENCING A LOT OF PROBLEMS WITH MY CAR. FIRST OF ALL THE LIGHTS DON'T ALWAYS WORK THEY WOULD TURN ON AND OFF ON THEIR OWN UNTIL FINALLY STOPPED COMPLETELY. THE NEXT PROBLEM IT HAS WAITING AT A STOP LIGHT IT LOOSES POWER AND SHAKES AND STALLS. THEN I STARTED EXPERIENCING THE SAME PROBLEM WHILE DRIVING ONE TIME I WAS PULLING INTO MY DRIVEWAY THE CAR CUT OFF AND STEERING WHEEL LOCKED THANKFUL I WAS NOT ON THE FREEWAY AT THE TIME. THEN AGAIN ON THE FREEWAY IN RUSH HOUR TRAFFIC I WAS LUCKY ENOUGH TO GET OVER AND PULL OFF BEFORE IT STALLED THE CAR PUTTING AND I WAS GIVING GAS BUT CAR DID NOT WANT TO GO IT WAS NOT GAINING SPEED IT WAS ON THE VERGE OF STALLING. THIS IS A SAFETY ISSUE ITS MY ONLY VEHICLE I'M AFRAID OF IT CUTTING OFF AND STALLING WHILE DRIVING AND A ACCIDENT OCCURRING. THE CAR STALLING IS WHILE DRIVING AND WITH FOOT ON THE BRAKE OR IN PARK. IT ALSO HAS A PROBLEM WHILE IN PARK AND FOOT ON BRAKE THE CARS RPM RAVE ON THEIR OWN.,N
2003,12,226,118,0,1,0,0,SEAT CAUGHT ON FIRE FROM SHORTED SEAT HEATER AND BURNED A HOLE THROUGH PASSANGER SEAT COVER.,R
2012,12,226,118,0,0,0,0,AFTER DRIVING AND ARRIVING AT DESTINATION CANNOT TURN THE CAR OFF NOR GET THE KEY OUT OF THE IGNITION.  SOMETIMES IT TAKES 15 MINUTES OF TURNING THE STEERING WHEEL AND TRYING TO TURN THE KEY OVER AND OVER WHEN THE KEY WILL FINALLY TURN AND THE CAR WILL TURN OFF.  THEY KEY FEELS STUCK IN THE IGNITION AND THE CAR WILL NOT TURN OFF.,N
2013,12,240,118,0,0,0,0,THE HEATER CORE PLUGS UP BECAUSE OF FLUX LEFT IN COOLING SYSTEM COMPONENTS. THE FRONT WINDOWS WON'T CLEAR BECAUSE OF NO HEAT FROM PLUGGED HEATER CORE CREATING UNSAFE DRIVING CONDITIONS. VW NOT COVERING ALL COST TO PROPERLY REPAIR THIS PROBLEM.,N
2009,12,2522,118,0,0,0,0,I BOUGHT A CERTIFIED PRE-OWNED 2009 ROUTAN. AFTER ABOUT A YEAR THE CAR RANDOMLY WILL NOT START IT JUST CLICKS BUT WILL NOT START. REPLACED BATTERY. STILL - CAR WILL NOT START. THIS HAS BEEN GOING ON FOR 3 YEARS. HAD STARTER & ALTERNATOR CHECKED - BOTH GOOD.  HAD THE IGNITION RECALL DONE AND PROBLEM RESOLVED ITSELF FOR ABOUT 3 MONTHS - NOW IT STARTED DOING THIS AGAIN - RANDOMLY WILL NOT START.  HUBBY MOVED A WIRE UNDER THE HOOD AND MAGICALLY THE CAR STARTED.  GOT HOME AND VAN WILL NOT START!  AFTER SPENDING $5200 ON A NEW TRANSMISSION - I HATE TO PUT ANY MORE $$ INTO THIS VAN. HAS ANYONE FOUND A FIX FOR THIS PROBLEM - I'VE SEEN MANY HAVE THIS SAME ISSUE. TALKED TO A LADY AT VW REPAIR SHOP WHO HAS BEEN IN EXCESS OF $3000 TRYING TO FIX THIS EXACT SAME PROBLEM.  STILL KEEPS HAPPENING.  HELP!,N
2002,13,435,118,0,0,0,0,ONE DAY I GOT IN MY CAR TO GO OUT WHEN I CLOSED THE DOOR THE LATCH WOULDN'T CATCH. I KEPT TRYING AND MY DOOR WOULD NOT CLOSE. AFTER WAITING A FEW HOURS I TRIED AGAIN THIS TIME STANDING OUTSIDE. THE DOOR DID CLOSE BUT I COULD  NOT GET IT BACK OPEN. THE NEXT DAY I WENT TO GET IN FROM THE OTHER SIDE AND I DID BUT THIS DOOR ON THE PASSENGER SIDE WOULD NOT CLOSE. I FINALLY DID GET IT CLOSE BUT IT WOULD NOT OPEN. I HAD TO GET IN FROM THE BACK SEAT AND CRAWL OVER TO THE FRONT SO THAT I COULD TAKE IT IN TO THE DEALER. WHAT I WAS TOLD WAS THAT THE LATCH WAS PROBABLY FROZEN. SO DOES THIS MEAN YOU CAN ONLY DRIVE A BMW IN WARM WEATHER? HE ALSO SAID IT COULD BE A BUILDUP OF DIRT. SO I GUESS BOTH MY DOORS GOT A BUILDUP OF DIRT AT THE SAME TIME. SO HE SAID WE WOULD PROBABLY JUST REPLACE THE LATCH. THERE ARE A LOT OF PEOPLE HAVING THIS PROBLEM. WHY WON'T BMW TAKE RESPONSIBILITY AND FIX THE PROBLEM BEFORE SOMEONE GET KILLED BECAUSE THEY CAN'T GET OF THEIR CAR.,N
2001,33,357,112,0,0,0,0,ON MY 2001 LAND ROVER DISCOVERY II MY GAS PEDAL WOULD GET STUCK ESPECIALLY WHEN FIRST TURNING THE CAR ON.  SOMETIMES I WOULD PRESS ON THE GAS PEDAL AND AND I'D HAVE TO PRESS DOUBLY HARD TO GET THE CAR TO MOVE OF COURSE RESULTING IN A BIGGER FORWARD SURGE THAN I EXPECTED WHICH IS DANGEROUS.  SOMETIMES I WOULD JUST TAP ON THE GAS PEDAL AND IT WOULD SURGE FORWARD ON ITS OWN.  THIS REMINDED ME VERY MUCH OF THE MAJOR RECALL A DOZEN OR SO YEARS AGO OF THE AUDI CARS THAT HAD A SIMILAR PROBLEM.  WHEN I BROUGHT IT TO THE DEALER I HAD TO PAY $89.00 TO FIX IT.  THEY SAID THAT YES THEY KNOW ABOUT THE PROBLEM--THE THROTTLE GETS DIRT IN IT AND BACKED UP AND CLOGGED SO THEY HAVE TO CLEAN IT OUT.  IN FACT THE SERVICE PERSON SAID IT IS SO COMMON A PROBLEM THAT HE THEN PICKED UP A THROTTLE ON THE TABLE AND SAID THEY KEEP THIS THROTTLE HERE ON DISPLAY IN THE SHOWROOM TO SHOW CUSTOMERS HOW IT GETS STUCK.  ALTHOUGH I FIXED THIS PROBLEM ON MARCH 15 2004 THIS INCIDENT ALWAYS BOTHERED ME.  I FEEL THAT THE MANUFACTURER KNOWS OF THIS PROBLEM WHICH CAN BE QUITE DANGEROUS AND THAT THE PROBLEM IS ACTUALLY FREQUENT ENOUGH THAT THEY HAVE A MODEL ON DISPLAY TO WARRANT IT A RECALL.*AK,R
2011,12,226,112,0,0,0,0,IM EXPERIENCING A LOT OF PROBLEMS WITH MY CAR. FIRST OF ALL THE LIGHTS DON'T ALWAYS WORK THEY WOULD TURN ON AND OFF ON THEIR OWN UNTIL FINALLY STOPPED COMPLETELY. THE NEXT PROBLEM IT HAS WAITING AT A STOP LIGHT IT LOOSES POWER AND SHAKES AND STALLS. THEN I STARTED EXPERIENCING THE SAME PROBLEM WHILE DRIVING ONE TIME I WAS PULLING INTO MY DRIVEWAY THE CAR CUT OFF AND STEERING WHEEL LOCKED THANKFUL I WAS NOT ON THE FREEWAY AT THE TIME. THEN AGAIN ON THE FREEWAY IN RUSH HOUR TRAFFIC I WAS LUCKY ENOUGH TO GET OVER AND PULL OFF BEFORE IT STALLED THE CAR PUTTING AND I WAS GIVING GAS BUT CAR DID NOT WANT TO GO IT WAS NOT GAINING SPEED IT WAS ON THE VERGE OF STALLING. THIS IS A SAFETY ISSUE ITS MY ONLY VEHICLE I'M AFRAID OF IT CUTTING OFF AND STALLING WHILE DRIVING AND A ACCIDENT OCCURRING. THE CAR STALLING IS WHILE DRIVING AND WITH FOOT ON THE BRAKE OR IN PARK. IT ALSO HAS A PROBLEM WHILE IN PARK AND FOOT ON BRAKE THE CARS RPM RAVE ON THEIR OWN.,U
2000,12,240,112,0,0,0,0,WHEN DRIVING WITH CRUISE CONTROL SET AT 55 MPH UPON MOVING  DOWN A SLOPE OF A HILL THE ENGINE RACED OFF AND VEHICLE A 2000 VW PASSAT ACCELERATED UNCONTROLLABLY.*AK,R
2001,38,423,112,0,0,0,0,VEHICLE ACCELERATES WHEN PUTTING ON BRAKES.  THIS  HAPPENED ON AT LEAST SIX (6) DIFFERENT OCCASIONS.  THIS GENERALLY HAPPENS IN STOP AND GO TRAFFIC.  THE WORSE INCIDENT INVOLVED APPLYING GREAT PRESSURE ON THE BRAKES TO THE POINT WHERE THE WHEELS WERE SPINNING (BURNING RUBBER) AND THE ONLY WAY TO COME TO A COMPLETE STOP WAS TO SHIFT THE GEAR INTO NEUTRAL.*AK,R
2004,12,508,112,0,0,0,0,WHILE ATTEMPTING TO ACCELERATE FROM A STOP THE VEHICLE WOULD NOT ACCELERATE THEN STALL. CONSUMER STATED THERE WAS NO POWER. CONSUMER TOOK  VEHICLE TO THE DEALER AND PROBLEM RECURRED.  *AK   THE DEALER FLASHED THE TRANSMISSION BUT THE PROBLEM RECURRED.   *NM,N
2002,13,456,107,0,0,1,0,ON THE BMW MODEL 325I YERAS 2002 AND 2003 THE HEATED OUTSIDE REARVIEW MIRRORS ARE HEATED. THEY ARE NOT THERMOSTATICALLY CONTROLLED AND THEREFORE ARE ALWAYS ON. THE PROBLEM ARISES IN THAT IF YOU GET OUT OF THE CAR AFTER IT HAS BEEN DRIVEN AND UNINTENTIONALLY TOUCH ONE FO THE OUTSIDE MIRRORS YOU BURN YOUR FINGERS. THIS WAS OBSERVED WHEN ATTEMPTING TO CLEAN REARVIEW MIRRORS AFTER THE CAR WAS ON FOR SOME TIME.    I BROUGHT THE VEHICLE IN TO THE BNW DEALER WHO INFORMED ME THAT THE MIRRORS WERE ALWAYS ON NOT THERMOSTATICALLY CONTROLED AND WERE ALWAYS HEATED.    THIS DOES NOT SEEM TO BE A PROBLEM IN THE WINTER MONTHS AS THE TEMPERATURE OUTSIDE IS COLDER. HOWEVER IN THE SUMMER THERE IS A POTENTIAL FOR A CHILD OR UNWITTING ADULT TO BE BURNED ON THE REARVIEW MIRROR GLASS.,N
2002,13,595,107,0,0,0,0,PROBLEMS WITH LEFT REAR WHEEL BEARING AND WINDOW OPERATING MECHANISM.   *MR   THE A/C WAS NOT COOL ENOUGH IN HOT WEATHER AND THE WIPERS WOULD STREAK THE WINDOWS.   *SC  *JB,N
2002,12,226,107,0,0,0,0,WHILE DRIVING THE LEFT SIDE VIEW MIRROR CASING/ COVER FELL OFF.  *JB  THE VEHICLE WAS TAKEN TO THE DEALER WHO INDICATED THE PART WOULD NOT BE REPLACED UNDER WARRANTY.  THE DEALER CONCLUDED THAT THE PART FELL OFF DUE TO EXTERNAL CIRCUMSTANCES.  THE CONSUMER BELIEVES THERE IS A DEFECT.  *NM,N
2001,12,226,107,0,0,0,0,MY PASSENGER SIDE WINDOW STOPPED WORKING.  THIS IS VERY UPSETTING AS I HAVE READ ON SEVERAL WEBSITES THAT VOLKSWAGEN JETTAS HAVE A TENDENCEY FOR THE WINDOWS TO BREAK. I WOULD LIKE TO KNOW WHY THERE ISN'T A RECALL.*AK,N
2000,16,563,107,0,0,0,0,FRONT PASSENGER SIDE POWER WINDOW FAILURE.  *AK,N
2001,12,240,107,0,0,1,0,I WAS TRAVELING AT FREEWAY SPEED OUTSIDE OF PENDELTON OREGON WHEN THE WIND BLEW MY SUN ROOF OFF OF MY CAR. THE SUN ROOF WAS CLOSED AND THE CAR JUST ERUPTED AND THE ROOF WAS LITERALLY PEELED OFF THE TOP OF MY CAR. I HAVE TAKEN PHOTOS OF THE PROBLEM AND IT SEEMS VOLKSWAGEN IS USING A PLASTIC CALIPER SYSTEM TO CONNECT THE   SUNROOF GLASS ASSEMBLY TO THE DRIVE MECHANICS ON THE MOTOR DRIVEN CARRAIGE. THE PLASTIC FATIGUED BECAUSE OF USE AND VOLKSWAGEN COULD CARE LESS. THE NEW ASSEMBLAGE IS $2200 AND THERE IS NO SECOND CHOICE PURCHASE THE ENTIRE ASSEMBLY OR GO WITHOUT A SUNROOF..... AFTER CALLING VOLKSWAGEN AND GETTING NOWHERE I AM PROCEEDING TO SMALL CLAIMS COURT IN OREGON FOR PURSIUT OF MY MONEY BACK.*AK,R
