2004,4,624,113,0,0,0,0,WHILE DRIVING 35 MPH FRONT DRIVER SIDE TIRE DEFLATTED. CONSUMER PULLED OVER AND CHANGED THE TIRE.  DEALERSHIP WAS NOTIFED BUT DID NOT RESOLVE THE PROBLEM. MICHELIN 225/75R16.*AK  PE04066_CAT,N
2004,8,662,113,0,0,0,0,THE TWO FRONT TIRE SIDEWALL WAS DEFECTIVE.  THERE WAS A BUBBLE IN THE TIRES.  VEHICLE'S  PERFORMANCE WAS DEFECTIVE.  THE TIRES  HAD TO BE REPLACED TWICE.  MANUFACTURER STATED NO COMPLAINTS NO RECALLS.*AK,N
2006,2,300,105,0,0,0,0,PASSENGER AIR BAG OFF -- INDICATOR IS LIT. WILL NOT ENGAGE PASSENGER SAFETY AIR BAG WHEN WIFE WEIGHING 105 POUNDS IS IN SEAT. CHEVROLET DEALER CANNOT FIX. *TR,N
2007,4,1434,105,0,0,0,0,PASSENGER'S SIDE AIRBAG DISARMS ITSELF AT RANDOM WITH OR WITHOUT OCCUPANT IN PSGR SEAT. DEALER CHECKED AND CALIBRATED SEAT SENSOR TO NO AVAIL. DEALER REPLACED AIRBAG CONTROL MODULE (OCM) AND VEHICLE SEEMS TO BE FIXED.  *NM,N
2012,4,1434,105,1,0,2,0,I WAS IN A ACCCIDENT WHERE THERE WAS A CAR THAT STOPPED ON HIS BRAKES QUICKLY AND I HIT THE BACK OF HIM AND MY CAR FLIPPED UPSIDE DOWN. THE AIRBAG DIDNT SUPRESS DURING THE ACCIDENT CAUSING ME AND MY FIANCEE TO GET SERIOUSLY HURT.   *JS,R
2011,2,472,105,0,0,0,0,ON 4 DIFFERENT OCCASIONS THE SERVICE AIRBAG INDICATOR HAS TURNED ON IN MY CAR. IT HAS BEEN IN THE SERVICE DEPARTMENT EACH TIME WITH WORK LISTED AS CONNECTIONS CLEANED SENSOR CHECKED WARNING RESET.....BUT NO REPLACEMENT PARTS AND NOTHING NOTED AS DEFECTIVE. I'VE BEEN TOLD PUTTING A LAP TOP ON THE PASSENGER SEAT COULD SET OFF THE SENSOR.....A BLUE-TOOTH CALL COULD SET OFF THE SENSOR BUT NOT WHY? MOST RECENT TRIP (#5) TO HENDRICKS MOTORS WAS 04/24/2014. WE PICKED THE CAR UP RAN ERRANDS (APPX. 40 MILES) AND THE LIGHT IS ON AGAIN - THE SAME DAY! I HAVE BEEN TOLD THE AIR BAGS WILL STILL DEPLOY THE AIR BAGS MIGHT DEPLOY AND THE AIR BAGS WILL NOT DEPLOY AS LONG AS THE SERVICE LIGHT IS ON. WHAT IS MY NEXT STEP? I AM TRYING TO DOCUMENT EVERYTHING IN CASE THERE IS AN ACCIDENT AND THE BAGS DON'T DEPLOY. ,N
2005,1,339,105,0,0,0,0,MY WIFE IS APPROXIMATELY 110 LBS AND WHEN SHE SITS IN THE SEAT THE AIRBAG LIGHT GOES OUT.  THIS MEANS THAT SHE IS AN ADULT IN THE FRONT SEAT WITHOUT THE PROTECTION OF THE AIRBAG.  SHE HAS TO BOUNCE UP AND DOWN TO TURN THE LIGHT OFF.  I HAVE COMMUNICATED WITH FORD NUMEROUS TIMES. THEY HAVE EVEN SUPPOSEDLY REPLACED THE SENSOR. *JB,R
2000,1,738,105,1,0,1,0,DT*: THE CONTACT STATED THE AIRBAGS DID NOT DEPLOY IN AN ACCIDENT CAUSING THE DRIVER TO HIT AND FRACTURE THE WINDSHIELD AT 35 MPH.  THE ACCIDENT WAS A REAR END COLLISION.  THE DRIVER WAS WEARING A SEATBELT.  THE AIRBAG WARNING LIGHT WAS NOT ON PRIOR TO THE CRASH.  PICTURES WERE AVAILABLE AND A POLICE REPORT WAS TAKEN.,R
2002,4,288,105,0,0,0,0,AIRBAG LIGHT COMES ON EVERY TIME YOU TURN THE STEERING WHEEL.  DCX RECALLED 1996-2000 FOR THE SAME DEFECT BUT IT CONTINUED INTO 2002MY (PURCHASED IN SEPTEMBER 2001).  WHY DID NHTSA ALLOW DCX TO ONLY RECALL THE 96 -2000 VEHICLES WHEN THE PROBLEM WAS NOT FIXED UNITL EARLY 2002?*AK,N
2000,2,369,105,0,0,0,0,CONSUMER COMPLAINED ABOUT AN AIR BAG PROBLEM.  AIR BAG LIGHT STAYED ON. CONSUMER CONTACTED THE MANUFACTURER  WHO TOLD CONSUMER THAT BECAUSE THE VEHICLE HAD 68000 MILES AND WAS OUT OF WARRANTY AND THERE WAS NOTHING ELSE THEY COULD DO. *AK . SERIAL REQUEST 1264681108. COSTUMER RELATIONS MANGER TINA MANN 1-866-952-4368 EX 581-08.*AK,N
2005,5,260,105,1,1,1,0,UNDER SNOWY CONDITIONS VEHICLE SLID OFF HIGHWAY AT 60 MPH AND STRUCK TREE.  AIRBAG PARTIALLY DEPLOYED AND CAUGHT FIRE.  SUSTAINED 2ND AND 3RD DEGREE BURNS.  TAKEN BY AMBULANCE FROM SCENE.  *JB,R
2000,1,216,105,0,0,1,0,WHILE DRIVING PASSENGER'S SIDE AIRBAG WENT OFF INADVERTENTLY.  PASSENGER SUSTAINED HEAD INJURIES AND WAS TRANSPORTED BY AMBULANCE TO A HOSPITAL.  THE VEHICLE WAS TOWED.  *AK    ,R
2003,1,621,105,0,0,0,0,DT*: THE CONTACT STATED WHILE THE CONTACT'S SPOUSE WAS DRIVING 70 MPH ON A DRY SMOOTH INTERSTATE THE PASSENGER SIDE AIR BAG DEPLOYED WITHOUT A COLLISION OR IMPACT.  THE VEHICLE WAS TOWED TO A DEALERSHIP WHO DETERMINED THERE WAS NO APPARENT REASON FOR THE AIR BAG DEPLOYMENT.  ANOTHER DEALERSHIP IN FLORIDA DETERMINED A COUPLE OF HAIRLINE RUSTED PLACES LOCATED ON THE UNDERCARRIAGE OF THE VEHICLE WERE TO BLAME FOR THE AIR BAG DEPLOYMENT.  THERE WAS NO INDICATION OF AN IMPACT.  THERE WERE NO AIR BAG LIGHTS ILLUMINATED PRIOR TO THE INCIDENT. ,R
2004,2,296,105,1,0,4,2,ON THE AFTERNOON OF 6/16/08 ME IN MY FAMILY WAS TRAVELING NORTH ON I95 IN NORTH CAROLINA GOING TOWARD OUR DESTINATION IN BALTIMORE MD. WHEN ANOTHER VEHICLE CLICK US AND CAUSE MY SISTER TO LOSE CONTROL OF THE VEHICLE CRASHING INTO THE GUARDRAIL.  MY TWO AUNTS AND MYSELF WERE EJECTED FROM THE VEHICLE BOTH MY AUNTS DIE INSTANTLY. MY MOTHER SISTERS AND MYSELF SURVIVED BUT HAD SEVERAL INJURIES.  THE AIRBAGS DID NOT DEPLOY AND THE DOORS THAT WERE INITIALLY LOCKED; BUT SOMEHOW THE REAR DOORS (MIDDLE) OPEN DURING IMPACT CAUSING MY AUNTS IN MYSELF TO BE THROWN FROM THE VEHICLE.  BE ADVISED THE VEHICLE WAS A GREEN TRAILBLAZER (EXTENDED CAB).  *TR,R
2006,2,296,105,1,0,2,0,WE WERE INVOLVED IN A HEAD ON COLLISION WITH ANOTHER VEHICLE.  BOTH WERE TRAVELING AT APPROXIMATELY 45 MPH.  THE AIR BAGS DID NOT DEPLOY.  I WAS DRIVING THE VEHICLE AND HAVE A BROKEN RIGHT LEG BROKEN LEFT HEEL AND ANKLE.  I WAS TEMPORARILY KNOCKED UNCONSCIOUS FROM HITTING THE STEERING WHEEL.  MY WIFE SUFFERED A BROKEN WRIST FRACTURED PELVIS AND FRACTURED TIBULA. *TR,R
2000,1,217,114,0,0,0,0,"THREE TIMES ON MY TRIP CROSS-COUNTRY THE IGNITION LOCKED ON MY FOCUS REFUSING TO ALLOW THE KEY TO TURN TO START THE ENGINE AS WELL AS DISABLING THE STEERING.  A HELPFUL AAA SERVICER GOT MY CAR STARTED IN RURAL WYOMING AFTER ALLOWING IT TO ROLL DOWN A HILL BUT THE SAME TACTIC ON SUBSEQUENT EFFORTS FAILED TO PRODUCE THE DESIRED RESULT AND I ENDED BY HAVING THE VEHICLE TOWED.  INTERNET RESEARCH HAS REVEALED THIS TO BE A COMMON PROBLEM AMONG FOCI"" ALTHOUGH FORD HAS DECLINED TO ISSUE A RECALL ON THE IGNITION WHICH EMPLOYS TUMBLERS THAT ROUTINELY SLIP INSIDE THE IGNITION STRANDING DRIVERS AND PASSENGERS ROADSIDE SOMETIMES FOR HOURS.  FORD HAS APPARENTLY DECLINED TO ISSUE A RECALL BECAUSE THE PROBLEM IS NOT A ""SAFETY ISSUE.""  I BEG TO DIFFER THAT STRANDING MOTORISTS IS INDEED AN UNSAFE PRACTICE.MY IGNITION IS CURRENTLY BEING REPLACED AND REKEYED AT A COST EXCEEDING $300 AND I CAN ONLY ASSUME THAT I WILL EVENTUALLY BE STUCK WITH THE SAME PROBLEM DUE TO THE FAULTY DESIGN OF THE IGNITION.  I HAVE ALSO BEEN WITHOUT TRANSPORTATION ON THREE OCCASIONS AND EXPERIENCED COSTLY DELAYS IN MY CROSS COUNTRY TRIP.*AK""",N
2006,2,1266,114,0,0,0,0,ONE DAY THE RADIO WOULD NOT CHANGE STATIONS I USED THE CONTROL ON THE STEERING WHEEL AND RADIO TURNED UP ALL THE WAY AND WOULD NOT TURN DOWN UNTIL I PULLED OVER AND SHUT THE CAR OFF. TOOK THE CAR TO DEALER THEY TESTED AND ORDERED A NEW RADIO. NOT INSTALLED YET. A FEW DAYS LATER THE INTERIOR LIGHTS GOT REAL DIM AND WOULD NOT GET BRIGHTER UNLESS I TURNED THE AUTO LIGHTS OFF. THIS HAPPENED SEVERAL TIMES. ABOUT A WEEK LATERWENT OUT TO START THE CAR IT WOULD NOT START AND THE KEY GOT STUCK IN THE IGNITION CALLED ROADSIDE ASSISTANCE THEY JUMPED IT AND TOOK IT TO DEALER WHO SAID IT WAS A LOOSE GROUND. THE RADIO QUIT WORKING ALL TOGETHER. TWO DAYS LATER IT WOULD NOT START AGAIN SO I JUMPED IT AND IT STARTED. THE RADIO STARTED WORKING AS I WAS DRIVING DOWN THE ROAD. FOUR DAYS LATER CAR WOULD NOT START AND WE CALLED ROADSIDE ASSISTANCE AGAIN. THEY CAME AND JUMPED IT AND TOWED IT TO DEALER AGAIN WHERE IT IS NOW.  *JB,N
2009,4,715,114,0,0,0,0,TL* THE CONTACT OWNS A 2009 DODGE JOURNEY. THE CONTACT STATED THAT THE DRIVER'S SIDE POWER WINDOW CONTROLLER FAILED AND HE WAS UNABLE TO ACTIVATE ANY ELECTRONIC COMPONENTS ON THE VEHICLE. THE VEHICLE WAS TAKEN TO INDEPENDENT MECHANIC HOWEVER THE TECHNICIAN WAS UNABLE TO DIAGNOSE THE EXACT FAILURE BUT REPLACED THE STARTER BATTERY AND ALL OF THE FUSES. THE REMEDY FAILED TO REPAIR THE FAILURE. THE MANUFACTURER WAS MADE AWARE OF THE FAILURE. THE VEHICLE WAS NOT REPAIRED. THE FAILURE MILEAGE WAS 114000 AND THE CURRENT MILEAGE WAS 114005. ,N
2005,2,246,114,0,0,0,0,TL*THE CONTACT OWNS A 2005 CHEVROLET MONTE CARLO.  WHILE DRIVING 80 MPH THE SPEEDOMETER DIAL MOVED TO ZERO.  AN INDEPENDENT MECHANIC CONFIRMED THAT THE INSTRUMENT PANEL FAILED AND NEEDED TO BE REPLACED.  THE FAILURE AND CURRENT MILEAGES WERE LESS THAN 77000. ,N
2013,2,3454,114,0,0,0,0,CHEVROLET SPARK WOULD NO SHIFT OUT OF 1ST GEAR WHEN ACELERATING ON TO FREEWAY.  THE CAUSE IS DUE TO DEFECTIVE TRANSMISSION RANGE SENSOR DTC ERROR CODE P0705.  KNOWN SERVICE BULLETIN (#PIP-5101).  THIS IS THE 3RD TIME THIS HAS OCCURRED.  EXTREME LIFE THREATING PROBLEM WHEN A VEHICLE IS MERGING THE FREEWAY AND WILL NOT ACELERATE TO THE SPEED OF FREEWAY TRAFFIC!!!!!!!!  CHEVROLET DEALER HAS NOT RESOLVED THE ISSUE.,N
2002,2,291,108,0,0,0,0,CHEVY SILVERADO 2500 HD W/ 6L ENGINE-- PROBLEM WITH THROTTLE STICKING.  CARBONS UP EVERY TWO MONTHS AROUND THROTTLE VALVE AND THROTTLE STICKS. THEN TAKES EXCESSIVE THROTTLE PRESSURE TO TRY TO MOVE. ---IS A SERIOUS SAFETY ISSUE WHEN MOVING IN TIGHT QUARTERS. CHEVY HAS ISSUED SERVICE MODIFICATIONS FOR 5.3L AND 4.8L ENGINES FOR SAME PROBLEM BUT HAS IGNORED THE 6.0L. CLEANING THE CARBON WORKS FOR ONLY TWO MONTHS THEN PROBLEM RECURS. CHEVY SHOULD MAKE A FIELD FIX LIKE THE OTHER MODELS BEFORE SOMEONE GETS HURT. *JB,N
2008,4,1295,108,0,0,0,0,"THERE SEEMS TO BE A WIDESPREAD ISSUE WITH DODGE CHARGERS (2006 - PRESENT).  WHEN ACCELERATING AND PRESSING THE GAS PEDAL A WHISTLE"" SOUND CAN BE HEARD COMING FROM THE POWERTRAIN / ENGINE SECTION. THE SOUND ONLY OCCURS DURING STEADY ACCELERATION BETWEEN 40 - 65 MPH. IF THE GAS PEDAL IS RELEASED OR PRESSED HARDER THE SOUND GOES AWAY. MANY CHARGER OWNERS HAVE REPORTED THIS ISSUE ON THEIR VEHICLES (SE SE+ SRT R/T ETC..) BUT THE SERVICE CENTERS AT THE DEALERSHIPS HAVE YET TO DETERMINE THE CAUSE AND THERE IS NO FIX FOR THIS YET. THIS COULD BE AFFECTING THOUSANDS OF CHARGER VEHICLES AND NEEDS TO BE INVESTIGATED. *TR""",N
2006,5,1400,108,0,0,0,0,BRAND NEW 2006 JEEP COMMANDER 3 WEEKS OLD. I WAS GETTING OFF THE EXPRESS WAY ON A CURVE AND MY VEHICLE SHUT OFF AND STEERING LOCKED UP ALMOST DROVE OFF THE ROAD  WITH MY WIFE AND KIDS AND THIS HAS HAPPENED 3 TIMES ALREADY ITS A RISK TO MY FAMILY.  I THINK SOMETHING SHOULD BE DONE ABOUT THIS ISSUE I DID MY RESEARCH AND I NOT THE ONLY ONE WITH THIS SAME PROBLEM. I HAVE TAKEN THE JEEP TO THE DEALER AND I WAS TOLD THEY CAN NOT DUPLICATE THE PROBLEM SO I CAN NOT BE FIXED.  HELP! *JB      ,N
2000,1,464,108,0,0,0,0,THE VEHICLE HAD ENGINE PROBLEMS.  *NM  THE CONSUMER STATED THAT ONE OR TWO CYLINDERS SEEM TO STOP FUNCTIONING AND THIS RENDERS THE VEHICLE UNABLE TO PROCEED EVEN IN THE MOST BENIGN TRAFFIC SITUATIONS.  WHEN THE CYLINDERS FAIL TO FUNCTION THE ENGINE SERVICE LIGHT COMES ON .  THE CONSUMER STATED THAT THERE IS A HIGH VOLTAGE COIL ON EACH SPARK PLUG SITING THAT THIS MAY ENHANCE PERFORMACE BUT IT ALSO REDUCES ENGINE RELIABILITY.  *TC  *JB,N
2004,1,311,108,0,0,0,0,2004 FORD EXCURSION V-10. COME TO A STOP AND THE TACH SHOWS NORMAL 650-700 RPM AND WITHIN A FEW SECONDS CAR WILL ACCELERATE TO 1800-2000 RPM BY ITSELF AND THE CAR SURGES FORWARD. DRIVER MUST LEAVE PLENTY OF SPACE BETWEEN THE CAR AND THE ONE AHEAD TO GIVE HIM TIME TO STOP. NO CRASH YET!!!. IT DOES THIS EVERY TIME YOU STOP.  *TR,N
2004,4,276,108,0,0,0,0,WHILE DRIVING THE VEHICLE STALLED.  THE CONSUMER TRIED TO RESTART THE VEHICLE BUT WAS UNABLE TO DO SO.  THE CONSUMER HAD THE VEHICLE TOWED TO THE DEALER FOR INSPECTION. THE MECHANIC INFORMED THE DRIVER THAT THE HEAD GASKET BLEW AND NEEDED TO BE REPLACED.  PLEASE FILL IN ADDITIONAL INFORMATION. *JB,N
2000,4,327,108,0,0,0,0,TL* THE CONTACT OWNS A 2000 DODGE NEON.  WHILE HAVING THE TIRES REPLACEDTHE MECHANIC  DETERMINED THERE WAS A HEAD GASKET LEAK.  THE DEALER?ó?Ç¥?ÉS SERVICE MANAGER INFORMED HER THAT SHE WOULD HAVE TO BE RESPONSIBLE FOR ANY REPAIRS.  ALSO THE CONTACT ALSO SPOKE TO THE MANUFACTURER.  THE FAILURE MILEAGE WAS 59150 AND  THE CURRENT MILEAGE WAS 59200.*AK   ,N
2008,4,1795,108,0,0,0,0,WHISTLING NOISE COMING FROM VEHICLE. DOORS HAVE BEEN ADJUSTED AND WINDSHIELD RESEALED NEITHER OF THESE FIXED PROBLEM. LISTENED UNDER HOOD AND APPEARS TO BE COMING FROM HEAD GASKET/AIR INTAKE AREA. POSSIBLE ISSUE WITH HEAD GASKET BEING WRONG SIZE. *TR,N
2001,2,477,108,0,0,0,0,MY 2001 CHEVROLET PRIZM WHICH HAS A TOYOTA ENGINE STALLS WHEN ACCELERATED JUST AFTER STARTING. PUMPING THE PEDAL A FEW TIMES GETS THE CAR MOVING AGAIN NORMALLY. THIS TYPICALLY HAPPENS AFTER THE CAR HAS BEEN SITTING IDLE FOR A WHILE. THE LOCAL CHEVROLET DEALER LOOKED AT IT AND SAID THERE WERE NO ISSUES. THE SPARK PLUGS WERE CHECKED AND FOUND TO BE IN GOOD WORKING CONDITION. HOWEVER THE PROBLEM STILL PERSISTS.    *NM,N
2003,1,347,108,0,0,0,0,A FAILED ROLLER ROCKER DESTROYED A CAM AND LIFTER AFTER ONLY 66000 MILES. 3000 MILES PREVIOUS I HAD TAKEN IT TO THE DEALER WHO SAID THEY COULDN'T HEAR THE NOISE. BY THE TIME THEY COULD HEAR IT THE DAMAGE HAD MORE THAN TRIPLED. THE FAILURE WAS DEFINITELY CAUSED BY THE DEFECTIVE ROLLER ROCKER(THE PART IS AVAILABLE FOR INSPECTION).  *NM,N
2002,8,379,108,0,0,0,0,DT*: THE CONTACT STATED WHILE DRIVING 20 MPH ON A DRY SMOOTH HIGHWAY THE VEHICLE SUDDENLY STALLED WITHOUT WARNING.  THE VEHICLE STARTED BACK BUT THERE WAS A VERY LOUD NOISE COMING FROM THE ENGINE.  THERE WERE NO PROBLEMS PRIOR TO THIS INCIDENT.  THE CONTACT MAINTAINED OIL CHANGES EVERY 3000 MILES.  THE VEHICLE WAS TOWED TO AN INDEPENDENT MECHANIC WHO DETERMINED THE ENGINE FAILED AND NEEDED TO BE REPLACED.  THE MECHANIC INFORMED THE CONTACT THIS WAS AN ONGOING PROBLEM WITH THIS MOTOR.,N
2002,1,621,108,0,0,0,0,"MY WIFE EXPERIENCED A COMPLETE SHUT DOWN OF OUR 2002 THUNDERBIRD WHILE MAKING A LEFT TURN FROM A COMPLETE STOP IN FRONT OF ONCOMING TRAFFIC.  THE CAR ROLLED"" ACROSS THE ONCOMING LANE AND SHE PUT THE VEHICLE IN NEUTRAL AND WAS ABLE TO START THE VEHICLE AGAIN.  THIS FAILURE IS IDENTICAL TO THE CIRCUMSTANCES DESRIBED IN ODI ID NUMBER: 10014291 DATED MARCH 3 2003.  *AK""",N
2000,8,390,121,0,0,0,0,A/C UNIT ON CAR.  REPLACE FREON 3 TIMES O RINGS ONCE  COMPRESSOR ONCE AND NOW THE EVAPORATOR CORE NEEDS TO BE REPLACE.  *AK,N
2002,2,241,121,0,0,0,0,THE CONSUMER STATED WATER SEEPED INTO THE ENGINE DISTRIBUTOR WITHOUT WARNING. AS A RESULT THE ENGINE FAILED.   *JB   THE CONSUMER WROTE ABOUT TWO VEHICLES THE SECOND VIN #[XXX] SAME MAKE AND MODEL.  THE CONSUMER FELT THAT THE PROBLEM WAS WITH THE A/C CONDITIONER HOSE (METAL) WAS ROUTED OVER THE DISTRIBUTOR AND CONDENSATION WAS FORMING ON THE HOSE AND RUNNING ONTO THE DISTRIBUTOR CAUSING FAILURE.   *SC     INFORMATION REDACTED PURSUANT TO THE FREEDOM OF INFORMATION ACT (FOIA) 5 U.S.C. 552(B)(6).  *TR,N
2002,2,296,102,0,0,0,0,LEFT BRALE LIGHT FAILURE DUE TO SOCKET NOT HOLDING BULB TIGHT DEALER WOULD NOT FIX BECAUSE ABOUT 600 MILES OVER WARRANTY.  *AK,N
2010,8,3162,109,0,0,0,0,THE POWER FAILED.  I HAD FILLED THE TANK WITH GAS AND WAS PROCEEDING HOME IN TRAFFIC ON CONNECTICUT AVENUE IN WASHINGTON DC.  WE WERE STOPPED DUE TO THE TRAFFIC LIGHTS.  THE DRIVER OF THE CAR BESIDE ME TO THE RIGHT MOTIONED FOR ME TO OPEN MY WINDOW.  HE TOLD ME THE GAS CAP WAS NOT ON AND WAVING AT THE SIDE.  I THANKED HIM AND THEN TRIED TO MANEUVER THE CAR.  THE CAR HAD NO POWER.  I TRIED MOVING THE GEAR INTO LOW BUT THAT DID NOTHING.   THE CARS BESIDE ME AND BEHIND ME MOVED ON AS I SAT THERE.  I PUT THE GEAR IN NEUTRAL.  AS THE STREET WAS ON A DOWNHILL SLANT ONCE THE CARS WERE GONE THE CAR COULD SORT OF COAST AND I MANAGED TO STEER IT THROUGH FORCE ON THE STEERING WHEEL HEADING TO THE CURB SIDE WHERE THERE WAS A SIDE STREET.  AS THE CAR CAME TO A STOP JUST INTO THE SIDE STREET A YOUNG WOMAN ON THE SIDEWALK COMMENTED ON THE GAS CAP. I ASKED IF SHE COULD PUT IT IN AND SAID THAT THE POWER HAD GONE OFF.  WE WONDERED IF THAT WOULD HELP.  SHE CLOSED THE GAS CAP.  I SHOVED THE GEAR INTO PARK AND IT JERKED AS I DID THAT.  I THEN TRIED TURNING THE KEY TO NO AVAIL.  I TOOK OUT THE KEY REINSERTED AND TURNED IT AGAIN.  I BELIEVE IT WAS THEN THAT THE CAR STARTED AND I WAS ABLE TO TURN IT AROUND AND HEAD TO MY RESIDENCE THREE BLOCKS AWAY.  *TR,R
2000,2,528,109,0,0,0,0,GAS GAUGES FLUCTUATE BADLY. WHEN TANK IS EMPTY GAUGE READS ANYTHING FROM 1/4 TO 3/4 FULL. RESULTED IN RUNNING OUT OF GAS OCCURRED.  *BF  CONSUMERS FAMILY STRANDED AT 2AM ON A DESERTED ROAD AS A RESULT OF THE GAS GAUGE PROBLEM.  *TC,R
2002,2,222,109,0,0,0,0,CAR COUGHS/HESITATES WHEN DRIVING BETWEEN 65-75 MPH. BEGAN DOING WHEN I MOVED TO ARIZONA. DID NOT DO IT IN FL USING REGULAR GRADE GAS. DEALER SAID MY FUEL FILTER WAS ALL CLOGGED AND DIRTY AND THE FUEL WAS GETTING DARK COLORED. SAID I NEED TO USE CHEVRON OR ARCO GAS AS THEY PUT A DETERGENT IN THEIR GAS THAT GMC IS RECOMMENDING FOR ALL THEIR CARS. DEALER CHANGED FUEL FILTERS AND AIR FILTER. I TRIED REGULAR GRADE GAS FROM ARCO. NO DIFFERENCE. AM TAKING IT BACK TO SERVICE AT DEALER AGAIN.*AK,R
2003,2,278,109,0,0,0,0,THE VEHICLE CUT OFF.  THE FUEL PUMP WAS REPLACED.  THE VEHICLE STILL CUT OFF ON THE HIGHWAY HOWEVER THE DEALER COULD NOT FIND ANY DEFECT.  *AK,R
2001,1,225,109,0,0,0,0,WHILE FILLING THE GAS TANK THE NOZZLE TURNS OFF  THE GAS BACKS UP AND LEAKS OUT.  IT CAN TAKE UP TO A HALF HOUR TO FILL THE TANK.*AK,R
2005,2,286,122,0,0,0,0,I BOUGHT A COLORADO IN JULY OF 2006 AND REALLY LOVE THE TRUCK BUT I HAVE HAD A PROBLEM WITH THE REAR DOOR NOT LATCHING ON THE PASSENGER SIDE OF THE TRUCK AND ALSO THE SEALS AROUND BOTH SIDES OF THE DOORS ON THE TRUCK. I HAVE TAKEN THE TRUCK TO TODD WENZEL IN HUDSONVILLE MI AT LEAST 4 DIFFERENT TIMES AND ONCE TO KOOL CHEVROLET IN GRAND RAPIDS AND THEY HAVE NEVER BEEN ABLE TO FIX THE PROBLEM. THIS IS MY FIRST GM VEHICLE I HAVE BOUGHT BRAND NEW AND PROBABLY MY LAST BECAUSE OF THE CUSTOMER SERVICE I HAVE RECEIVED FROM THE DEALER SHIP IN HUDSONVILLE AND WITH THE VPAC. I HAVE BEEN TRYING TO GET THIS PROBLEM FIXED SINCE I HAVE BOUGHT THE TRUCK AND NO ONE WANTS TO HELP ME. THEY NEVER RETURN CALLS OR EMAILS. WHEN I GO THERE THEY TELL ME THERE IS NOTHING THEY CAN DO ABOUT IT AND BASICALLY I HAVE TO LIVE WITH IT. I HAVE BEEN EVEN IN CONTACT WITH ONE OF YOUR NATIONAL VPAC AND HE COULD NOT GET MY PROBLEM RESOLVED WITH THE DEALER SHIP FIXING THE PROBLEM. THE ONLY NEXT STEP IS TO CLAIM THE LEMON LAW HERE IN MICHIGAN WHICH I REALLY DO NOT WANT TO DO. I LIKE EVERYTHING ELSE ABOUT THIS TRUCK BUT IF THE PROBLEM IS NOT RESOLVED I AM GOING TO BE FORCED INTO CLAIMING THIS LEMON LAW. IF SOMEONE COULD PLEASE HELP ME GET THIS PROBLEM RESOLVED ASAP THAT WOULD BE GRATEFULLY APPRECIATED.  THANK YOU *JB,N
2011,1,1813,122,0,0,0,0,THE DOOR AJAR LIGHT HAS BEEN COMING OFF AND ON EVEN WHEN THE DOOR IS SHUT. SOMETIMES 5-10 CLOSINGS WILL SHUT THE DOOR AJAR LIGHT OFF. MOST OF THE TIME MY DOOR AJAR LIGHT STAYS ON. WHICH KEEPS MY INTERIOR LIGHTS ON AT NIGHTTIME. ALSO NOT SURE MY CAR LOCKS COMPLETELY AS THE CAR HONKS TWICE QUICKLY WHEN I TRY TO LOCK USING THE WIRELESS LOCKING DEVICE. VERY FRUSTRATING AND FOR THE MONEY THEY CHARGE FOR FORD CARS DON'T THINK THIS SHOULD BE A PROBLEM. HAVE SEARCHED THE INTERNET AND FOUND OUT THIS IS A COMMON PROBLEM THAT CAN COST UP TO $300 AT DEALERSHIPS TO FIX AND CHEAPEST I HAVE FOUND IS $85.00 TO BUY PART FROM FORD AND TRY TO FIX IT MYSELF.   *JS,N
2000,1,217,122,0,0,0,0,THREE DIFFERENT INSTANCES WHERE THE PASSENGER BACK DOOR FLEW OPEN WHEN MAKING A TURN. THE DOOR WAS PROPERLY CLOSED AND THE DOORS WERE LOCKED BUT THE DOOR FLEW OPEN. NO ONE WAS HURT THANK GOODNESS BECAUSE THEY HAD THEIR SEAT BELT ON. THEY COULD HAVE BEEN THROWN FROM THE CAR. IF YOU HAD A PET IN THE CAR THEY WOULD HAVE FALLEN OUT. ANOTHER TIME MY DAUGHTER WAS DRIVING THE CAR AND THE DOOR FLEW OPEN. SHE IS AN INEXPERIENCED DRIVER BEING ONLY 16YEARS OLD. SHE COULD OF HAD A ACCIDENT. I NO LONGER LET HER DRIVE THIS CAR. IT IS A 2000 FORD FOCUS. I CALLED THE DEALERSHIP AND THEY SAID THEY WOULD HAVE TO LOOK INTO THE PROBLEM. I SAID WILL I BE CHARGED THEY SAID POSSIBLEY....*AK,R
2005,2,779,122,0,0,0,0,DT*: THE CONTACT STATED THE FRONT LEFT DOOR HANDLE FAILED TO OPEN THE DOOR. THE WINDOW NEEDED TO BE LOWERED IN ORDER TO OPEN THE LEFT FRONT DOOR BY THE OUTSIDE DOOR RELEASE. THE SERVICE DEALER AND MANUFACTURER WERE CONTACTED AND THE PART WAS ON BACK ORDER.  UPDATED 9/15/2006 - AS OF 9/22/2006 THE PART WAS STILL NOT AVAILABLE.  *NM,N
2004,1,244,111,0,0,0,0,CONSUMER HAD PROBLEMS WITH THE AUTOMATIC TRANSMISSION.  EACH TIME THE VEHICLE WAS BACKED UP IT WOULD HESITATE WHEN PLACED IN DRIVE.  THE VEHICLE ALSO LEAPED FORWARD WITH THE CONSUMERS FOOT ON THE BRAKE IT WAS PLACED IN DRIVE AND THE VEHICLE DID NOT MOVE.   *SC  THE VEHICLE WAS A RENTAL. *JB,N
2004,1,224,111,0,0,0,0,TL*- THE CONTACT STATED THAT THE 2004 FORD FREESTAR'S TRANSMISSION FAILED AT 79000 MILES WHILE DRIVING  AT 40 MPH  AND GOING UP A HILL THE ENGINE REVVED AND THE VEHICLE WOULDN'T ACCELERATE AT THE NORMAL SPEED BUT SHE DID GET TO THE TOP OF THE HILL.  THE CONTACT STATED THAT THE  ENGINE CONTINUED TO RUN BUT ONCE SHE GOT TO THE TOP OF THE HILL THE VEHICLE WOULDN'T ACCELERATE.  THE CONTACT STATED THAT SOME MEN PUSHED HER TO SIDE THE SIDE OF THE ROAD.  THE CONTACT STATED SHE HAD THE VEHICLE TOWED TO THE DEALERSHIP AND THEY INFORMED THE CONTACT THAT THE TRANSMISSION NEEDED TO BE REPLACED OR REWORKED ON.  SHE WAS STILL UNDER THE 3 YEAR WARRANTY BUT HAD EXCEEDED THE MILES UNDER THE WARRANTY.  THE CONTACT STATED THAT THE DEALERSHIP REPLACED THE TRANSMISSION.   SHE CONTACTED THE MANUFACTURER FILED A COMPLAINT AND WAS GIVEN  CASE# 0417400577. THE FAILURE MILEAGE WAS 78830 AND THE CURRENT MILEAGE WAS 79000.*AK  THE FRONT AND REAR BRAKE LINING AND CIRCUIT BREAKER WERE REPLACED THE REAR WIPER WAS LOOSE. UPDATED 04/12/07. *JB,R
2004,1,224,111,0,0,0,0,2004 FREESTAR WHILE DRIVING AT APPROXIMATELY 35-40MPH TRANSMISSION STOPPED WORKING CAN WAS STILL RUNNING BUT WOULD NOT MOVE. LUCKILY WAS ABLE TO PULL TO THE SIDE OF THE ROAD SAFELY TALKED TO LOCAL DEALERSHIP WAS QUOTED 3500 TO REPAIR WAS TOLD NEEDED NEW TRANSMISSION. *TR,N
2003,4,251,111,1,0,0,0,WHILE DRIVING DOWN THE ROAD I HEAR A GRINDING AND A POP NOISE AND THE REAR END OF MY 2003 1500 RAM DROPS DOWN AND IMMEDIATELY GOES INTO A 3-60 SPIN. THE WHOLE AXLE ASSEMBLY SNAPPED OFF RIGHT BY THE HUB. THE WHOLE BRAKE ASSEMBLY STILL CONNECTED TO THE RIM AND TIRE THIS IS THE SECOND TIME IT BROKE ON THE SAME SIDE AND IT IS IDENTICAL TO THE FIRST BREAK. THE FIRST WAS AT 8000 AND NOW 16000 MILES.   *AK,R
2007,2,255,111,0,0,0,0,UNDER NORMAL NON-TOWING DRIVING THE 2007 TAHOE (WITH 27000 MILES) WOULD NOT GO FORWARD WHEN PLACED INTO DRIVE.  AS A RESULT MY FAMILY IS PRESENTLY UNABLE TO USE THE VEHICLE AND IT WAS TOWED TO A DEALERSHIP FOR REPAIRS.  THIS OCCURRED AFTER THE TRANSMISSION WAS COMPLETELY REPLACED AT ABOUT 12000 MILES FOR THE SAME PROBLEM.  *NM,N
2013,5,504,111,0,0,0,0,TL* THE CONTACT OWNS A 2013 JEEP WRANGLER. THE CONTACT STATED THAT HE WAS VERY CONCERNED FOR HIS SAFETY SINCE THE PARTS FOR RECALL NHTSA CAMPAIGN NUMBER: 13V234000 (POWER TRAIN  STEERING) WERE STILL NOT AVAILABLE. THE DEALER WAS CONTACTED. THE MANUFACTURER WAS MADE AWARE OF THE PROBLEM. THE VEHICLE HAD NOT EXHIBITED THE FAILURE. THE CURRENT MILEAGE WAS 18000. ,N
2013,5,504,111,0,0,0,0,ON SATURDAY I RECEIVED THE SECOND NOTICE FOR RECALL ON MY VEHICLE (N28).   I HAVE BEEN TRYING FOR MONTHS TO HAVE THIS REPAIR DONE AND THE DEALER HAS A LONG LIST OF CUSTOMERS WAITING FOR PARTS.  I AM CURRENTLY NUMBER 30 ON THE LIST.  ANOTHER LOCAL DEAL HAS 40 PEOPLE WAITING.    THIS IS RIDICULOUS TO WAIT 6+ MONTH FOR REPAIR PARTS FOR A RECALL.  THE RECALL WAS ANNOUNCED IN JUNE OF LAST YEAR AND THE DEALER IS GETTING 1 TO 2 SETS OF REPAIR PARTS A WEEK.   *JS,N
2004,2,300,110,0,0,0,0,IT WOULD BE HARD FOR THE CONSUMER TO UNLOCK THE REAR SEAT BELTS FROM THE BUCKLE. DEALER WAS NOTIFIED BUT DID NOT RESOLVE THE PROBLEM.*AK,R
2002,1,311,110,0,0,0,0,MY HUSBAND WAS BUCKLING OUR 3 YEAR OLD IN HER CAR SEAT IN OUR 2002 EXCURSION AND THE SEAT BELT DETACHED FROM THE FRAME OF THE CAR.  LEFT 2ND SEAT: SEAT BELT BOLT (LOCATION-RETRACTOR ATTACHED AT FRAME) WAS EITHER NOT PROPERLY TIGHTENED LOCKED TIGHT IMPROPERLY APPLIED OR NUT IS ILL-FITTING CAUSING NUT TO SEPARATE FROM BOLT POSSIBLY RELATED TO PIVOTING RETRACTOR DESIGN. SEAT BELT DETACHED AT RETRACTOR AND BECAME UNUSABLE. FORTUNATELY DISCOVERED WHILE CAR PARKED AND BUCKLING CHILD INTO BOOSTER SEAT. IF ACCIDENT WOULD HAVE OCCURRED PRIOR SEAT BELT WOULD HAVE SEPARATED AND FAILED AND CHILD WOULD HAVE BEEN INJURED OR KILLED!  LOCKTIGHT WAS RE-APPLIED AND NUT WAS RE-ATTACHED TO BOLT AT PROPER TORQUE.    *JB,N
2000,5,504,110,0,0,0,0,THE PASSENGER SIDE RETRACTOR FAILED WHEN APPLIED.  CONSUMER PLACED THE SEAT BELT INSIDE THE RETRACTOR  AND IT FAILED TO STAY SECURE.  *AK,N
2006,1,216,117,0,0,0,0,NUMEROUS LITTLE FAILURES.  GAS LIGHT STAYS ON LEVERS ON SEAT BACKS BOTH BROKEN SIDE MIRRORS NEEDED REPLACED BOTH SIDES.  WHEN ACCELERATING THE CAR SURGES THEN CHOKES SURGES AGAIN.  *JB,N
2001,2,375,103,0,0,0,0,THE ABS LIGHT AND BRAKE LIGHT ON THE DASH ILLUMINATED INTERMITTENTLY WHILE THE VEHICLE WAS IN MOTION. THIS OCCURRED AGAIN WITH ANOTHER GENERAL MOTORS VEHICLE THAT THE CONSUMER OWNS. NO REPAIR WORK HAD BEEN MADE. *JB,N
2003,2,227,115,0,0,0,0,THE STEERING GEAR BOX APPEARS TO BE LOOSE VEHICLES UNDER WARRANTY ARE GETTING REPAIRED BUT THOSE OUT OF WARRANTY ARE NOT. WHEN I HAD THE TAILGATE HINGES REPLACED THE DEALER EXPLAINED WHAT WAS WRONG WITH MY TRUCK BUT COULD NOT REPAIR IT.  IT'S  A NERVE RACKING VIBRATION WHICH SHOULD BE TAKEN CARE OF AND FEELS LIKE THE LEFT FRONT WHEEL ASSEMBLT IS ABOUT TO FALL OFF.*AK,N
2001,2,303,115,0,0,0,0,CLUNKING FELT IN STEERING WHEN TURNING. *AK,N
2006,2,900,115,0,0,0,0,YES I WAS AT A FRIENDS HOUSE THEN I CAME BACK DOWN TURNED MY KEY AND THE POWER STEERING SIGN CAME ON I DROVE IT TO AUTO ZONE I WENT IN TO GET POWER STEERING FLUID AND I HAD NO PLACE TO PUT THE FLUID IN I LOOKED AT M MANUAL AND IT WAS NOT EVEN LISTED IN THE BOOK AT AS A PART OF MY CAR I ASKED A SPECIALIST AT AUTO ZONE WHERE DOES THE FLUID GO  THEY TOLD ME MY POWER STEERING IS ELECTRICAL SO I NEED TO GO TO MY CLOSET DEALER  THEN I TURNED IT BACK ON AND IT WENT AWAY BUT A REMINDER IT WAS HOT THAT DAY SO WHEN IT COOLED OFF IM GUESSN IT WENT AWAY.  *TR,N
2000,2,250,115,0,0,0,0,04 V 060 000/ELECTRONIC COLUMN LOCK: VEHICLE WAS TAKEN TO THE DEALER ON THREE SEPARATE OCCASIONS BECAUSE OF A PROBLEM WITH THE STEERING COLUMN LOCKING UP WHILE STARTING THE VEHICLE. PLEASE PROVIDE DEALER INFORMATION.,R
2001,2,250,115,0,0,0,0,"2001 CORVETTE MANUAL TRANSMISSION--HAD CAMPAIGN 004006 DONE FOR COLUMN LOCKING PROBLEM JAN 06--ONE MONTH LATER THE SERVICE PROCEDURE FOR MANUAL TRANSMISSION CARS WAS CHANGED AND THE NEW PROCEDURE NOT OFFERED TO ME/NEW INFORMATION NOT GIVEN TO ME.  NOW NOV '08 COLUMN LOCKING PROBLEM RETURNS  AND DEALERSHIP IN SCOTTSDALE WILL NOT PERFORM THE NEWER RECALL PROCEDURE UNTIL THEY FIND OUT WHAT'S WRONG WITH IT THIS TIME""  THAT IS NOT APPROPRIATE. *TR""",N
2005,2,480,115,0,0,0,0,ON JANUARY 26 I TOOK MY 2005 CHEVROLET EQUINOX TO THE DEALERSHIP FROM WHICH I PURCHASED IT (CLASSIC EAST MADISON OHIO 44057) FOR AN OIL CHANGE AND MENTIONED THAT I HEARD A RATTLE IN MY STEERING COLUMN WHEN I WAS ON ROUGH ROAD.  THEY ATTEMPTED TO FIX THE NOISE BY ADJUSTING THE PRELOAD STEERING GEAR BUT IT DID NOT WORK SO THEY SPECIAL ORDERED A PART.  I RETURNED ON FEBRUARY 1 AND THEY ATTEMPTED TO FIX THE NOISE BY INSTALLING A POWER STEERING GEAR BUT THAT DID NOT WORK.  USING TECHNICAL ASSISTANCE FROM GENERAL MOTORS THEY RAN SEVERAL DIAGNOSTIC TESTS AND ULTIMATELY ENDED UP REPLACING THE STEERING COLUMN ON FEBRUARY 2.  ON FEBRUARY 3 I PHONED THE DEALERSHIP TO LET THE SERVICE DEPARTMENT KNOW THAT THE STEERING DID NOT FEEL RIGHT-  IT WAS ALTERNATELY VERY LOOSE OR VERY TIGHT.  I WAS TOLD THAT I HAD ELECTRONIC POWER STEERING SO THAT WAS NORMAL.  I STATED THAT IT HAD NEVER BEEN THAT WAY BEFORE BUT WAS ASSURED THAT IT WAS NORMAL AND I SHOULD DRIVE IT FOR A WHILE TO SEE IF IT GOT BETTER.  ON FEBRUARY 24 I WAS DRIVING IN A PARKING LOT AND HEARD A SNAP IN MY STEERING COLUMN.  AT THAT POINT I HAD LOST ALL CONTROL OF THE STEERING AND WAS ABLE TO TURN THE WHEEL 360 DEGREES WITH NO IMPACT ON THE TIRES OR CAR.  I HAD THE CAR TOWED TO THE DEALER AT THAT TIME.  AT THIS TIME THEY HAVE NOT YET DETERMINED IF THIS WAS DEALER INSTALLATION ERROR OR A FAULTY PART.  NM,N
2011,1,244,115,0,0,0,0,"I WAS DRIVING IN THE HIGHWAY APPROXIMATELY 65 MPH ALL OF THE SUDDEN THE POWERSTEERING ASSIST FAILURE"" MESSAGE POPPED UP. I EXITED THE HIGHWAY BUT HAD A VERY DIFFICULT TIME TURNING THE STEERING WHEEL. I TURNED THE VEHICLE OFF AND THEN RESTARTED IT AGAIN; THE STEERING WHEEL WENT BACK TO NORMAL. THIS IS A VERY DANGEROUS ISSUE; I HAVE CHILDREN AND DEPEND ON MY VEHICLE DAILY.  *TR""",R
2005,1,312,115,0,0,0,0,STEERING WHEEL SHIMMY/OSCILLATION (BACK AND FORTH MOTION) IMMEDIATELY FOLLOWING FRONT OR REAR WHEEL IMPACTS (PAVEMENT JOINTS FROST HEAVES ROUGH ROADS ETC). NEAR LOSS OF CONTROL. MUST PULL OFF OF THE ROAD TO SLOW THE VEHICLE TO STOP SHIMMY. *TR,N
2003,4,288,115,0,0,0,0,STARTED THE CAR AND NOTICED A HIGH PITCHED NOISE WHICH INCREASED WHEN THE WHEEL WAS TURNED AND THE CAR ACCELERATED - THE STEERING WAS STIFF AND THE IDLE WAS REALLY LOW.  AFTER LETTING THE CAR WARM UP FOR ABOUT 1/2 HOUR THE SOUND WAS GONE BUT THE IDLE REMAINED LOW.  ABOUT A YEAR AGO SOMETHING SIMILAR HAPPEND AFTER STARTUP - WE HAD BELOW FREEZING TEMPERATURES AND THIS TIME THE CAR'S STEERING WOULD NOT MOVE AND THE CAR WOULD STALL - IT WASN'T UNTIL ABOUT AN HOUR OF RUNNING TIME UNTIL THE CAR'S STEERING WHEEL WAS ABLE TO MOVE.*AK,N
2001,2,369,115,0,0,0,0,CAR WAS PURCHASED USED IN 2002 WITH 33000 ON IT. ONE MONTH LATER A POPPING/CLICKING SOUND BEGAN IN THE STEERING WHEEL COLUMN AND THE STEERING WHEEL DID NOT MOVE SMOOTHLY WHEN IN TURNING MOTIONS. TAKEN TO DEALERSHIP TOLD THE INTERMEDIATE STEERING SHAFT NEEDED LUBRICATION. REPLACEMENT NOT RECOMMENDED. WARRANTY COVERED. TWO YEARS LATER PROBLEM CAME BACK ALBEIT FAR MORE SEVERE THIS TIME. IMMEDIATELY TOOK TO DEALERSHIP AND WAS TOLD THE INTERMEDIATE STEERING SHAFT WAS COMING APART AND NEEDED IMMEDIATE REPLACEMENT. WARRANTY HAD EXPIRED AND CHEVROLET WOULD NOT COVER. WENT AHEAD WITH REPAIR ANYWAY BECAUSE WAS EXTREMELY SCARED BY THE PROBLEM! HAVE SUBMITTED FORMAL COMPLAINT TO CHEVROLET OF THIS PROBLEM AND FOUND MANY OTHER COMPLAINTS OF THE SAME PROBLEM. AM HOPING CHEVROLET WILL CORRECT THIS DESIGN FLAW.*AK,R
2000,2,369,115,0,0,0,0,AT ANY SPEED MY POWER STEERING STARTED TO FAIL INTERMITTENTLY WITH ANY SPECIFIC WARNING.  THIS HAS OCCURRED 4 TIMES IN THE LAST 7 DAYS LUCKILY NO ONE WAS HURT BUT THE LAST TIME I DID GO OFF THE ROAD AND IMMEDIATELY BROUGHT IT TO MY DEALERSHIP.  THEY CONTEND THEY HAVE NOT FOUND ANY PROBLEM AND THAT THE DIAGNOSTICS DO NOT SHOW ANY ISSUE. ,N
2004,2,222,115,0,0,0,0,ABOUT 3 WEEKS AGO I NOTICED COG-WHEELING OF THE STEERING WHEEL WHEN ATTEMPTING TO TURN RIGHT.  IT WAS INTERMITTENT BUT BEGAN TO INCREASE IN FREQUENCY WITH VIBRATION THROUGH THE STEERING WHEEL.  TODAY WHILE DRIVING THE POWER STEERING QUIT WORKING COMPLETELY. I WAS ABOUT 25 MILES FROM HOME AND HAD TO DRIVE WITH NO POWER STEERING THE ENTIRE WAY.  I WILL CONTACT THE DEALER ON THE NEXT BUSINESS DAY.  THE CAR IS CURRENTLY NOT SAFE TO DRIVE.   WE OWN TWO 2004 MALIBU'S THE OTHER MALIBU HAD THE SAME PROBLEM SEVERAL MONTHS AGO AND HAD TO HAVE THE STEERING COLUMN REPLACED.  THE REPAIR TOOK ALMOST 3 WEEKS DUE TO BACK-ORDERED PARTS. *JB  EA04018_CAT,R
2002,8,245,115,0,0,0,0,WAS DRIVING ALONG AND THE TRANSMISSION WENT OUT AT ABOUT 35598.00 MILES . THE BRAKES MAKE A GOD AWFUL NOISE I HAVE HAD THEM CHECKED THEY SAY NOTHING IS WRONG BUT I DON'T BELIEVE THEM THE BRAIN BOX WENT OUT THE SAME TIME AS THE TRANMISSION. THE DASHBOARD ON TOP HAS CRACKED FOR NO REASON THE CAR IS GARAGE KEPT IT PULLS TO THE RIGHT FOR NO REASON THEY SAY AND IT HAS STARTED MAKING RATTLING NOISES FROM THE PASSENGER SIDE THE TRUNK LID SHOCKS ARE GIVEN OUT  AND THE CAR JUST TURNED TO 40000.00 MILES I THINK THEY MAKE THEM TO BREAK AT A CERTAIN TINE AND NO ONE WILL DO ANYTHING ABOUT THESES PROBLEMS I THINK MY NEXT CAR MIGHT BE A TOYOTA AT LEAST THEY DON'T FALL APART SO EASY BECAUSE I BABY THIS CAR LIKE ITS THE ONLY ONE I WILL EVER OWN IF CHRYSLER WANTED TO DO THE RIGHT THING THEY WOULD TAKE THIS LEMON BACK AND GIVE ME A NEW ONE FREE OF CHARGE AND I WOULD DO THE CHRYSLER ADVERSEMENT ALL OVER IT FOR THEM AS LONG AS IT LOOKS GOOD . BECAUSE I HAVE NO MONEY  FOR ANOTHER NEW AUTOMOBILE HAVE A FAMILY TO TAKE CARE OF AND IM NOT ALLOWED TO WORK ANYMORE   THIS WOULD BE A GREAT THIN TANKS FOR LISTENING. *TR,N
2000,4,203,115,0,0,0,0,DT*: THE CONTACT STATED THE DEALERSHIP REFUSED TO PERFORM THE RECALL REPAIRS AFTER THE CONTACT RECEIVED A RECALL LETTER AND ARRANGED TO HAVE THE WORK DONE.  THE LETTER WAS FOR NHTSA RECALL # 06V001000; REGARDING THE STEERING: HYDRAULIC POWER ASSIST: HOSE PIPING AND CONNECTIONS.,N
2003,2,1323,115,0,0,0,0,THIS IS THE SECOND TIME THIS HAS HAPPENED TO THIS VEHICLE A 2003 CHEVY SUBURBAN. I FIXED IT THE FIRST TIME IN 2006 AND NOW IT HAS HAPPENED AGAIN. A LOUD CLUNKING NOISE AROUND THE STEERING WHEEL SHAFT. THE DEALER SAID IT WAS NOT A RECALL ITEM BUT ONE THAT THEY HAVE HAD NUMEROUS COMPLAINTS ABOUT. I GUESS BECAUSE NO ONE HAS DIED FROM IT CHEVY THINKS THAT SHABBY WORKMANSHIP AND DEFECTS ARE OKAY TO PASS ON TO CONSUMERS. THIS IS AN ANNOYING CLUNKING AND ONE THAT COULD MASK A REAL PROBLEM IF YOU CAN'T HEAR IT. WHEN IS SOMEONE GOING TO DO SOMETHING ABOUT IT? *TR,N
2002,8,290,115,0,0,0,0,WHILE STEERING THE VEHICLE LEFT OR RIGHT A LOUD NOISE WAS HEARD COMING FROM THE FRONT. THE VEHICLE VIBRATED UNCONTROLLABLY.  THE MECHANIC WAS UNABLE TO DUPLICATE THE PROBLEM. *JB,N
2003,8,290,115,0,0,0,0,I PURCHASED THE 2003 TOWN/CHRYSLER VAN ABOUT 3 MONTHS. AGO AS SOON AS I GOT IT IT STARTED TO MAKE NOISES I TOOK THE VEHICLE BACK TO THE DEALER THEY STATED IT NEED POWER STEERING FLUID IN WHICH THEY DID PUT IN THE VAN . A COUPLE OF DAYS LATER THE VAN STARTED MAKING NOISES AGAIN. I LATER GOT A LETTER IN THE MAIL STATING THAT THERE WAS A RECALL CONCERNING THE POWER STEERING PUMP I ALSO FOUND OUT THERE IS A RECALL  ON THE REAR BACK DOOR IN WHICH THEY THE CHRYSLER DEALER STATES THEY WILL FIX FOR FREE.  THE BIGGEST PROBLEM THEY WANT FIX FOR FREE IS THE STEERING RACK WHICH IS LEAKING. I DON'T FEEL THAT THIS IS MY FAULT AND THE FINANCE PEOPLE ARE HOUNDING ME TO PAY $529.00 A MONTH ON A VEHICLE THAT IS SOON TO BE OUT OF REMISSION. IS  THERE SOMEONE THAT CAN HELP ME GET OUT OF THIS DEAL. *TR,N
2003,8,361,115,0,0,0,0,CONSUMER RECEIVED  RECALL 04V386000 CONCERNING  POWER STEERING.  DEALER REFUSED TO DO THE WORK.  *AK,N
2004,8,233,106,0,0,0,0,LACK OF DRAINAGE INCREASING ACCIDENT POTENTIAL.  NO DRAIN HOLE OR PLUG THE WATER ACCUMULATED IN SPARE TIRE AFTER EACH RAINFALL.     THE TRUNK WAS FULL OF WATER.  THE CONSUMER DISCOVERED ITEMS IN THE TRUNK WET.  THE CONSUMER ALSO NOTICED THAT THE BOTTOM WOULD BECOME WET WITHOUT ANY RAIN.  THE SPARE TIRE WELL WAS FULL OF WATER TO A DEPTH OF OVER FOUR INCHES.   *SC   ,N
2011,2,2941,106,0,0,2,0,THE FRONT CHROME INTERIOR DOOR HANDLES ON MY 2011 CHEVY CRUZE THAT I PURCHASED IS PEELING OFF.  THE EDGES OF THE CHROME ARE EXTREMELY SHARP.  BOTH MY WIFE AND I HAVE CUT OUR FINGERS ON BOTH FRONT DOOR HANDLES WHILE EXITING THE VEHICLE.  IT IS NO PAPER CUT EITHER.  PRETTY DEEP AND PAINFUL.  I ENDED UP PLACING TAPE AROUND THE HANDLES AS A QUICK FIX FROM BEING CUT.  WHEN I CONTACTED THE DEALERSHIP I WAS TOLD IT WOULD BE $150 FOR A NEW HANDLE AND THAT IT DID NOT INCLUDE INSTILLATION.  AFTER READING NUMEROUS COMPLAINTS ONLINE AND OBSERVING A COPY OF A LETTER FROM CHEVROLET ADMITTING THERE IS A DEFECT IN THE HANDLES I WONDER WHY THERE HAS NOT BEEN A RECALL AS OF YET ON THIS ISSUE.   *TR,N
2002,1,244,106,0,0,0,0,REAR HATCH CRACKED TWO SPOTS. *JB,R
2000,8,299,106,0,0,0,0,THE STRUTS FAILED CAUSING THE TRUNK LID TO FALL.  THE DEALERSHIP WAS NOTIFIED BUT DID NOT RESOLVE THE PROBLEM.   *AK   THE CONSUMER WAS AWARE OF 5 OTHER CONSUMER WHO HAVE EXPERIENCED THE SAME PROBLEM.   *SC   *JB,N
2000,2,272,106,0,0,0,0,CONSUMER STATED THAT VEHICLE EXPERIENCED THE SAME PROBLEM AS CHEVROLET SILVERADO RECALL 04V129000. THE TAILGATE CABLE BROKE AND HE HAD IT REPAIRED UNDER WARRANTY. HOWEVER CONSUMER WAS  CONCERNED THAT IT MAY HAPPEN AGAIN.*AK   THE CONSUMER WOULD LIKE THE STAINLESS STEEL CABLES.   *TC,N
2003,1,220,106,0,0,0,0,WE NOTICED A PUDDLE OF WATER ON THE PASSENGER SIDE FLOOR AND A BURNING RUBBER SMELL AFTER A VERY HEAVY RAIN STORM.  WE COULD HEAR WATER IN THE HEATER SYSTEM. TOOK THE CAR TO A FORD SERVICE DEPARTMENT WHERE THEY CONFIRMED A DESIGN DEFECT IN THE COWLING WHICH ALLOWS RAIN WATER TO GET INTO THE BLOWER MOTOR & RESISTER COMPONENTS.  THE MOTOR AND RESISTER HAD BOTH BEEN DAMAGED BY THE WATER AND NEEDED TO BE REPLACED (WHICH WAS NOT COVERED UNDER WARRANTY BUT SHOULD HAVE BEEN DUE TO THE DESIGN DEFECT).  *NM    ,N
2004,2,427,106,0,0,0,0,THE AUTOMATIC REVERSE SAFETY FEATURE OF BOTH POWER SIDE SLIDING DOORS REQUIRES EXCESSIVE FORCE TO ACTIVATE.  THIS RESULTS IN POTENTIAL SERIOUS INJURY TO SMALL CHILDREN WEAK ADULTS OR SENIOR ADULTS UNABLE TO EXERT ENOUGH FORCE TO ACTIVATE THE REVERSING MECHANISM.  COMPARE EFFORT REQUIRED TO THIS SAFETY FEATURE IN TYPICAL HOME GARAGE DOORS OR THE HONDA ODYSSEY FOR EXAMPLE.  *JB,N
2001,4,230,104,0,0,0,0,2001 DODGE DAKOTA HAD SEVERAL BALL JOINT REPLACEMENTS AT LOW MILES.  *BF  ALL THE BALL JOINTS WERE COVERED UNDER WARRANTY.  *NM,R
2002,4,229,104,0,0,0,0,THE FRONT END HAS ALWAYS BEEN LOOSE AND RATTLED.  A PART OF THE STEERING CONTROL ARM HAS BEEN REPLACED BUT DID NOT RESOLVE THE SUDDEN PULLING IN EITHER DIRECTION - TOWARD THE RIGHT WHEN CHANGING LANES TO THE RIGHT OR EXITING THE FREEWAY AND THE SAME THING WHEN MOVING TO THE LEFT WHEN THE LEFT FRONT CROSSES THE PROTION OF THE ROAD WERE THE LANES JOIN.    THE LEFT FRONT RATTLES BAD ENOUGH TO FEEL IN THE STEERING AND FLOOR BOARD AS WELL AS BEING EXTREAMLY AUDIBLE.  THE DEALERSHIP STATES THERE IS NOTHING WRONG WITH THE VEHICLE.   *NM,R
2006,2,1266,104,0,0,0,0,DT*:  THE CONTACT STATED WHILE ATTEMPTING TO EXIT A FREEWAY AT 55 MPH THE VEHICLE WENT OUT OF CONTROL AND VEERED OFF THE ROAD BEFORE IT WAS STOPPED.  THE CONTACT NOTICED THE FRONT PASSENGER TIRE WAS LYING ON ITS SIDE.  THE VEHICLE WAS TOWED TO THE DEALER WHO DETERMINED THE FRONT LOWER CONTROL ARM NEEDED TO BE REPLACED.    UPDATED 09/11/06. *JB,N
2005,4,711,104,0,0,0,0,2005 DODGE MAGNUM PULLS TO THE RIGHT. UPON INSPECTION MECHANIC INFORMED CONSUMER THAT ALL OF THESE VEHICLES DO IT AND THERE IS NO SOLUTION. *KB (LAWYER WROTE IN ON BEHALF OF CONSUMER). *JB,N
2001,1,220,104,0,0,0,0,NOTIFICATION  RECALL 04S17 SAFETY EXISTS IN  2001 TAURUS FRONT SPRING RUSTED THROUGH AND SNAPPED OFF PIERCING THE TIRE.  *BF  THE CONSUMER WAS TOLD THAT HER EXTENDED WARRANTY DID NOT COVER THE REPAIR.  THE CONSUMER SAW A RECALL NOTICE ON THE INTERNET FOR THE SAME PROBLEM AND REQUESTED A REFUND.  CAMPAIGN ID NUMBER : 04V332000.  THE CONSUMER STATED THAT FORD USED FAULTY PARTS THAT RESULTED IN ADDITIONAL EXPENSES .   *TC  SEVERAL DAYS LATER THE CONSUMER RECEIVED A SAFETY RECALL IN THE MAIL AFTER BEING TOLD THE COIL SPRINGS WERE NOT ON RECALL IT WAS JUST A CUSTOMER SATISFACTION ISSUE. *JB,R
2005,8,513,113,0,0,0,0,GOODYEAR TIRE. INTEGRITY P215/65R17. THIS TIRE CAME WITH THE VEHICLE WHEN PURCHASED BRAND NEW. THE CONSUMER HEARD A NOISE FROM THE TIRE AND WENT BACK TO THE DEALER AND WAS TOLD THAT THE TIRE WAS DEFECTIVE HOWEVER THE TIRE WAS UNDER WARRANTY AND TO RETURN IT TO THE GOODYEAR DEALER. THE OWNER LATER CONTACTED THE GOODYEAR MANUFACTURER WHO STATED THE TIRE WAS NOT DEFECTIVE. THE OWNER TOOK THE TIRE TO MR. TIRE WHO INSPECTED THE TIRE AND SAID THAT THE BELTS HAD SHIFTED WITHIN THE TIRE.  PROVIDE FURTHER DETAILS.  *JB   ,N
2006,1,950,113,0,0,0,0,THE BRAKES AND ROTORS OF THIS VEHICLE ARE PRE-MATURELY WEARING HAVING TO BE REPLACED AT 19K BY THE DEALER.  I NOW HAVE 31K AND THE REPLACED SET IS ALREADY 60% USED.  THIS CONCERNS ME GREATLY AS THE REALLY MAKES THE CAR UNSAFE.    TIRES ON THIS VEHICLE ARE ALSO WEARING FASTER THEN NORMAL.  WILL NEED REPLACEMENT SOON. *TR,N
2000,2,542,113,0,0,0,0,"ON 2 OCCASIONS WITHIN THE LAST 6 MONTHS I HAVE HAD 2 TIRES ON MY 2000 CHEVROLET EXPRESS TRUCK FAIL DUE TO TREAD SEPARATION.THE TIRE IS THE GENERAL AMERI 550 AS"" WITH THE TIRE DOT STAMP OF ""AD1L D7A 309"". THE GENERAL AMERI 550 WAS THE TIRE THAT FORD LATER PULLED AS THE RECOMMENDED REPLACEMENT TO THE FIRESTONE TIRES. MY TRUCK WAS PURCHASED IN 2002 WITH <100 MILES. NOW HAS 23930. MANY DEATHS HAVE BEEN CONTRIBUTED TO THIS TIRE MADE IN THE SAME TIME FRAME.*AK""",N
2006,2,1346,113,0,0,0,0,VALVE STEM ON TIRE BROKE IMMEDIATE LOSS OF AIR IT WAS AN INSIDE DUALLY TIRE WHICH SAVED ME FROM GETTING IN A WRECK. IF IT WOULD HAVE BEEN A FRONT TIRE I WOULD HAVE LOST CONTROL AT THE TIME I WAS GOING 50 MPH. COULD HAVE BEEN FATAL.  *JB,N
2006,2,1034,113,0,0,0,0,DT*: THE CONTACT STATED WHILE TRAVELING AT 65MPH ON THE INTERSTATE DURING CLEAR DRY CONDITIONS A THREE INCH SECTION OF TREAD SEPARATED FROM THE CENTER OF THE FRONT RIGHT TIRE EXPOSING THE BELT BENEATH. THE SERVICE DEALER AND MANUFACTURER WERE CONTACTED. THE MANUFACTURER REPLACED FOUR TIRES.,N
2005,4,239,112,0,0,0,0,TL*-  THE  CONTACT  OWNA A 2005 DODGE CARAVAN.  THE THROTTLE  WAS STICKING ON THE OFF MODE AND STAYED STUCK UNTIL  ONE  PUT SUFFICIENT AMOUNT OF PRESSURE TO UNSTICK THE PLATE.  THE DEALERSHIP STATED THAT THE PROBLEM WAS NOT THE THROTTLE BUT THE THROTTLE BODY.  THE DEALER STATED THAT THE FAILURE WAS DUE DUST IN THE AREA THAT WAS CLOGGING THE THROTTLE WHICH MADE  IT STICK.   THE FAILURE MILEAGE WAS 58000 AND THE CURRENT MILEAGE WAS 58500. *AK  THE CONSUMER STATED THAT THE DEALER IS AWARE OF THE PROBLEM AND STATED DIDN'T KNOW THAT CLEANED TO LUBE WAS PART OF MAINTENANCE REPAIR. UPDATED 07/06/07  *TR,N
2013,1,320,112,0,0,0,0,"I WAS AT A COMPLETE STOP ON A MAIN STREET MAKING A LEFT TURN. TRAFFIC WAS COMING IN THE OPPOSITE DIRECTION AND I WAS WAITING FOR CLEARING WITHIN THE TRAFFIC IN ORDER TO MAKE MY LEFT TURN. THERE WAS AN OPENING IN TRAFFIC AND I STEPPED ON THE GAS TO ACCELERATE ACROSS THE LANE. AS I STEPPED ON THE GAS A MESSAGE ON MY DASHBOARD CAME ON STATING LOW OIL PRESSURE"" AND THE VEHICLE COMPLETED STALLED. I COMPLETELY LOST ALL POWER ON THE ENGINE AND ALSO THE STEERING WHEEL.  THE VEHICLE DRIFTED ACROSS THE BUSY LANE AND BARELY MADE IT ACROSS THE LANE AS TRAFFIC WAS COMING DIRECTLY TOWARDS ME.  MULTIPLE VEHICLES WERE COMING IN MY DIRECTION AND SOME HONKED THERE CAR HORN TO GET OUT OF THE WAY.  THIS WAS EXTREMELY FRIGHTENING AS I HAD MY BABY WITH ME IN THE BACK SEAT.  THE CARS WOULD HAVE CLEARLY HIT MY VEHICLE IF I HAD NOT DRIFTED ACROSS THAT LANE.  THE TRUCK IS PRACTICALLY NEW AS IT BARELY HAS 6724 MILES.  *TR   UPDATED 10/8/2014    *JS""",N
2004,1,347,112,0,0,0,0,"THE ENGINE CONTROLLER TENDS TO HOLD THE ENGINE SPEED BETWEEN 2000 AND 2500 RPM WHEN MY FOOT IS NOT TOUCHING THE ACCELERATOR PEDAL. THIS BEHAVIOR IS MOST OBVIOUS WHEN THE CLUTCH IS DEPRESSED WHILE CHANGING GEARS. THE ENGINE RPM IS HELD ARTIFICIALLY HIGH (WAY ABOVE NORMAL IDLE) FOR AS LONG AS I DEPRESS THE CLUTCH UP UNTIL THE POINT THAT THE VEHICLE HAS COASTED ALMOST TO A COMPLETE STOP.  I BELIEVE THAT THE COMPUTER ALSO DOES THIS WHEN THE CLUTCH IS ENGAGED. FOR EXAMPLE IF I REMOVE PRESSURE FROM THE ACCELERATOR PEDAL AND ALLOW THE VEHICLE TO COAST WITH THE CLUTCH ENGAGED WHILE IN THIRD GEAR ON A LEVEL ROAD THE VEHICLE NEVER SLOWS DOWN BELOW APPROXIMATELY 30 MPH (CORRESPONDING TO APPROXIMATELY 2000 ENGINE RPMS). ALSO WHILE DESCENDING A HILL IN A LOW (2ND/3RD) GEAR USING ENGINE BRAKING (NOT TOUCHING THE GAS PEDAL) I CAN FEEL THE TRUCK SPONTANEOUSLY ACCELERATE. I FIRST TOOK THE TRUCK TO THE DEALER FOR THIS COMPLAINT ON 10/22/04. THE TECHNICIAN CONFIRMED THE BEHAVIOR INSPECTED VARIOUS SENSORS PROBED THE COMPUTER FOR ERROR CODES AND EVENTUALLY RESORTED TO RESETTING THE COMPUTER IN HOPES THAT THE PROBLEM WOULD MAGICALLY DISAPPEAR. THIS OF COURSE DID NOT FIX THE PROBLEM SO I RETURNED TO THE DEALERSHIP ON 11/16/04 WITH THE SAME COMPLAINT. THEY RESEARCHED THE ISSUE AND FOUND THAT IT IS A NORMAL CHARACTERISTIC"" OF THE VEHICLE SUPPOSEDLY ADDED TO THE COMPUTER PROGRAM TO IMPROVE EMISSIONS. ASIDE FROM BEING ANNOYING I BELIEVE THAT THIS ""FEATURE"" COULD POSE A SAFETY PROBLEM BECAUSE IT REDUCES THE EFFECTIVENESS AND PREDICTABILITY OF ENGINE BRAKING ON DOWN-HILL GRADES. ENGINE BRAKING IS VERY IMPORTANT IN MY AREA BECAUSE OF THE STEEP FREQUENTLY SNOW-COVERED ROADS.*AK""",N
2004,8,367,112,0,0,0,0,WHEN COMING TO A STOP WITH MY FOOT ON THE BRAKE THE IDLE WILL DROP DOWN AND THEN SURGE CAUSING THE CAR TO LURCH FORWARD. IT HAS ALSO STALLED ON 2 OCCASIONS. I HAVE ALMOST HIT ANOTHER CAR AND A PEDESTRIAN WHEN THE CAR UNEXPECTEDLY JUMPED FORWARD. I AM AFRAID I WILL HIT SOMETHING. THIS PROBLEM NEEDS TO BE INVESTIGATED NOW.*AK,N
2004,2,596,112,0,0,0,0,DT*:  THE CONTACT STATED THE VEHICLE ACCELERATED EXCESSIVELY WHILE THE ENGINE WAS STARTED.  THE VEHICLE WAS TAKEN TO THE DEALERSHIP WHO COULD NOT DUPLICATE THE PROBLEM.  THE CONTACT WAS CONCERNED ABOUT THE DEALERSHIP INSPECTION BECAUSE THE PROBLEM PERSISTED AND IT REPRESENTED A SAFETY RISK IF THE VEHICLE WOULD SHIFT  TO  DRIVE POSITION. ,N
2011,2,2474,112,0,0,0,0,TL* THE CONTACT OWNS A 2011 CHEVROLET TRAVERSE. THE CONTACT STATED WHILE TRAVELING APPROXIMATELY 75 MPH THE VEHICLE STALLED WITHOUT WARNING. THE CONTACT HAD TO COAST VEHICLE ONTO THE EMERGENCY LANE.  THE FOLLOWING WARNING LIGHT INDICATORS WERE ILLUMINATED SERVICE ENGINE LIGHT ENGINE POWER REDUCED AND SERVICE TRACTION CONTOL SENSOR AS THE VEHICLE STALLED. THE CONTACT ATTEMPTED TO RESTART THE VEHICLE AT LEAST THREE TIMES. THE CONTACT WAS ABLE TO RESTART THE VEHICLE AND THEN IT STALLED AGAIN. AN AUTHORIZED DEALER DIAGNOSED THAT THE THROTTLE BODY NEEDED TO BE REPLACED. THE VEHICLE WAS REPAIRED. THE MANUFACTURER WAS NOTIFIED OF THE FAILURE. THE APPROXIMATE FAILURE MILEAGE WAS 59154.  ,N
2007,5,1400,107,0,0,0,0,I OWN A 2007 JEEP COMMANDER.  A SMALL ROCK HIT MY WINDSHIELD AND THE GLASS BREAKAGE SPREAD QUICKLY ACROSS TO THE MIDDLE OF THE ENTIRE SHIELD.  THIS SMALL ROCK WOULD ONLY HAVE MAYBE BEEN A TINY NICK ON ANY OTHER VEHICLE WINDSHIELD.  THIS IS EXTREMELY DANGEROUS AND IF YOU LOOK AT THE EDMUNDS FORUM FOR THIS PROBLEM EVERYONE WITH A JEEP COMMANDER HAS THIS PROBLEM AND HAS BEEN UNABLE TO GET CHRYSLER TO DO ANYTHING ABOUT IT.  IT IS A DESIGN FLAW AND POOR QUALITY OF WINDSHIELD.  SOME PEOPLE HAVE REPLACED AS MANY AS 4 WINDSHIELDS EACH YEAR OF THE COMMANDER OWNERSHIP.  I HAD ONLY DRIVEN MY JEEP APPROXIMATELY 1000 MILES WHEN IT HAPPENED.  THE REPLACEMENT IS $500.00 AND I KNOW THAT IT WILL CRACK AGAIN WHEN REPLACED.  DUE TO THE DANGER IN THE GLASS I WOULD LIKE YOUR HELP IN GETTING SOMETHING DONE ABOUT THIS PROBLEM.  THANK YOU.   JAN HARPER  *TR,N
2007,5,1742,107,0,0,0,0,ON THE MORNING OF 02/10/2007 I WAS WAITING IN A LINE OF VEHICLES AT A LOCAL CAR WASH.  I HAD NOT ENTERED OR USED THE CAR WASH TO THAT POINT.  SUDDENLY MY REAR WINDOW LITERALLY EXPLODED INTO THOUSANDS OF SMALL PIECES.  I CHECKED THE BACK OF MY CAR AND THE PAVEMENT IN THE BACK OF CAR FOR EVIDENCE OF SOMETHING THAT MAY HAVE BEEN THROWN AT MY CAR AND FOUND NOTHING.  I BELIEVE THAT THE GLASS WAS DEFECTIVE AND WAS AFFECTED BY THE COLD WEATHER.  ANYWAYS HAD MY CHILDREN BEEN IN THE BACK SEAT THERE IS A POSSIBILITY THAT THE BROKEN GLASS COULD HAVE STRUCK THEM IN THE BACK OF THEIR HEADS.  *JB,R
2004,1,244,107,0,0,0,0,CAR WAS PARKED IN A DRIVEWAY WITH REAR WINDOW TOWARDS GARAGE DOOR.  THE BACK WINDOW OF THE CAR ALONG WITH A PIECE OF THE ACTUAL DOOR EXPLODED OFF.  THE PIECE OF THE DOOR FLEW UP INTO THE AIR AND CAME CRASHING BACK DOWN ONTO THE CAR.  THEIR WAS GLASS EVERYWHERE.  HAD ANYONE BEEN FACING THE CAR IT COULD HAVE CAUSED SOME SERIOUS BODILY INJURY.  OR HAD THE CAR BEEN IN MOTION ANYONE INSIDE THE CAR COULD HAVE BEEN HURT OR ANYONE DRIVING BEHIND COULD HAVE BEEN HURT.*AK,R
2003,4,288,107,0,0,0,0,INCIDENT #1:     1.  WE WERE RETURNING HOME FROM A WEEKEND VISIT TO IOWA.  WE HAD BEEN TRAVELING ABOUT 5 HOURS.  WE WERE SLOWING DOWN TO EXIT OFF HIGHWAY 212 NEAR GLENCOE MN.  2.  THE PASSENGER SIDE WINDOW EXPLODED AT ABOUT 4:00 PM AS WE WERE SLOWING DOWN TO MAKE OUR TURN.  GLASS WAS SPREAD THROUGHOUT THE INSIDE OF THE VEHICLE (2003 DODGE GRAND CARAVAN) AND CHIPPED THE PAINT ALONG THE SIDE OF THE VAN.  3.  THE WINDOW WAS REPLACE BY OUR INSURANCE COMPANY (PROGRESSIVE) AND THE VAN WAS REPAINTED AND DETAILED (VACUUMED) TO REMOVE THE GLASS INSIDE THE VAN.      INCIDENT #2:  1.  ON THE SAME VEHICLE (2003 GRAND CARAVAN) A SECOND WINDOW EXPLODED ON OCTOBER 7 2004.  THIS TIME IT WAS THE PASSENGER SIDE SLIDING DOOR WINDOW.  I WAS ACCELERATING INTO A PASSING LANE EAST OF COKATO MN.  2.  THE WINDOW EXPLODED AT 6:45 AM.  GLASS CHIPPED THE PAINT ON THE SIDE OF THE VAN AND WAS SPREAD THROUGHOUT THE INSIDE OF THE VAN - AGAIN.  3.  THE SIDE WINDOW ON THE SLIDING DOOR WAS REPLACE BY OUR INSURANCE COMPANY (PROGRESSIVE) AND THE VAN WILL BE PAINTED AGAIN SOON.   *AK   *SC ,R
2003,5,218,107,0,0,0,0,2003 JEEP GRAND CHEROKEE LAREDO 42000 MILES:  PASSENGER SIDE WINDOW REGULATOR FAILED/BROKE WHILE DRIVING (WINDOW NOT IN USE AT THE TIME)  *JB,N
2003,1,459,101,0,0,0,0,"OFFICER USING A MARKED CRUISER CAR CVPI REPORTED A SLOW LEAK"" IN LEFT FRONT.  UPON INSPECTION A CRACK IN THE WHEEL WELD WAS DISCOVERED.  NO INJURIES NO CRASH.*AK""",R
